Position,Const,Created,Modified,Description,Title,URL,Title Type
3001,tt0392878,2013-04-23,2013-04-23,,The Onion Movie,https://www.imdb.com/title/tt0392878/,movie
3002,tt0443431,2013-04-23,2013-04-23,,Another Gay Movie,https://www.imdb.com/title/tt0443431/,movie
3003,tt0396707,2013-04-23,2013-04-23,,The Secret of Moonacre,https://www.imdb.com/title/tt0396707/,movie
3004,tt0857265,2013-04-23,2013-04-23,,Sleuth,https://www.imdb.com/title/tt0857265/,movie
3005,tt0433416,2013-04-23,2013-04-23,,The Namesake,https://www.imdb.com/title/tt0433416/,movie
3006,tt0961108,2013-04-23,2013-04-23,,Fireflies in the Garden,https://www.imdb.com/title/tt0961108/,movie
3007,tt0961728,2013-04-23,2013-04-23,,The Escapist,https://www.imdb.com/title/tt0961728/,movie
3008,tt0422401,2013-04-23,2013-04-23,,Hatchet,https://www.imdb.com/title/tt0422401/,movie
3009,tt0399095,2013-04-23,2013-04-23,,Trade,https://www.imdb.com/title/tt0399095/,movie
3010,tt0382189,2013-04-23,2013-04-23,,My Summer of Love,https://www.imdb.com/title/tt0382189/,movie
3011,tt0439289,2013-04-23,2013-04-23,,Running with Scissors,https://www.imdb.com/title/tt0439289/,movie
3012,tt0425253,2013-04-23,2013-04-23,,Mini's First Time,https://www.imdb.com/title/tt0425253/,movie
3013,tt0447854,2013-04-23,2013-04-23,,Bambi II,https://www.imdb.com/title/tt0447854/,video
3014,tt0426459,2013-04-23,2013-04-23,,Feast,https://www.imdb.com/title/tt0426459/,movie
3015,tt0974613,2013-04-23,2013-04-23,,The Other Man,https://www.imdb.com/title/tt0974613/,movie
3016,tt0791309,2013-04-23,2013-04-23,,I Want Candy,https://www.imdb.com/title/tt0791309/,movie
3017,tt0367631,2013-04-23,2013-04-23,,D.E.B.S.,https://www.imdb.com/title/tt0367631/,movie
3018,tt0276830,2013-04-23,2013-04-23,,Blueberry,https://www.imdb.com/title/tt0276830/,movie
3019,tt0410764,2013-04-23,2013-04-23,,Tideland,https://www.imdb.com/title/tt0410764/,movie
3020,tt0402057,2013-04-23,2013-04-23,,Beowulf & Grendel,https://www.imdb.com/title/tt0402057/,movie
3021,tt0411475,2013-04-23,2013-04-23,,Hell Ride,https://www.imdb.com/title/tt0411475/,movie
3022,tt0981072,2013-04-23,2013-04-23,,The Lucky Ones,https://www.imdb.com/title/tt0981072/,movie
3023,tt0488085,2013-04-23,2013-04-23,,Big Nothing,https://www.imdb.com/title/tt0488085/,movie
3024,tt0850253,2013-04-23,2013-04-23,,Battle in Seattle,https://www.imdb.com/title/tt0850253/,movie
3025,tt0366777,2013-04-23,2013-04-23,,Millions,https://www.imdb.com/title/tt0366777/,movie
3026,tt0285492,2013-04-23,2013-04-23,,Cube 2: Hypercube,https://www.imdb.com/title/tt0285492/,movie
3027,tt0245238,2013-04-23,2013-04-23,,Lost and Delirious,https://www.imdb.com/title/tt0245238/,movie
3028,tt0298845,2013-04-23,2013-04-23,,In America,https://www.imdb.com/title/tt0298845/,movie
3029,tt0303361,2013-04-23,2013-04-23,,May,https://www.imdb.com/title/tt0303361/,movie
3030,tt0157583,2013-04-23,2013-04-23,,Enigma,https://www.imdb.com/title/tt0157583/,movie
3031,tt0118789,2013-04-23,2013-04-23,,Buffalo '66,https://www.imdb.com/title/tt0118789/,movie
3032,tt0120321,2013-04-23,2013-04-23,,Smoke Signals,https://www.imdb.com/title/tt0120321/,movie
3033,tt0120533,2013-04-23,2013-04-23,,Celebrity,https://www.imdb.com/title/tt0120533/,movie
3034,tt0113674,2013-04-23,2013-04-23,,Live Nude Girls,https://www.imdb.com/title/tt0113674/,movie
3035,tt0127357,2013-04-23,2013-04-23,,Ngo si seoi,https://www.imdb.com/title/tt0127357/,movie
3036,tt0118760,2013-04-23,2013-04-23,,The Boxer,https://www.imdb.com/title/tt0118760/,movie
3037,tt0101605,2013-04-23,2013-04-23,,The Commitments,https://www.imdb.com/title/tt0101605/,movie
3038,tt0101811,2013-04-23,2013-04-23,,Enchanted April,https://www.imdb.com/title/tt0101811/,movie
3039,tt0108265,2013-04-23,2013-04-23,,Swing Kids,https://www.imdb.com/title/tt0108265/,movie
3040,tt0104237,2013-04-23,2013-04-23,,Damage,https://www.imdb.com/title/tt0104237/,movie
3041,tt0105488,2013-04-23,2013-04-23,,Strictly Ballroom,https://www.imdb.com/title/tt0105488/,movie
3042,tt0088680,2013-04-23,2013-04-23,,After Hours,https://www.imdb.com/title/tt0088680/,movie
3043,tt0096764,2013-04-23,2013-04-23,,The Adventures of Baron Munchausen,https://www.imdb.com/title/tt0096764/,movie
3044,tt0092695,2013-04-23,2013-04-23,,The Brave Little Toaster,https://www.imdb.com/title/tt0092695/,movie
3045,tt0085794,2013-04-23,2013-04-23,,The King of Comedy,https://www.imdb.com/title/tt0085794/,movie
3046,tt0081777,2013-04-23,2013-04-23,,Xanadu,https://www.imdb.com/title/tt0081777/,movie
3047,tt0080516,2013-04-23,2013-04-23,,The Changeling,https://www.imdb.com/title/tt0080516/,movie
3048,tt0080360,2013-04-23,2013-04-23,,Altered States,https://www.imdb.com/title/tt0080360/,movie
3049,tt0076584,2013-04-23,2013-04-23,,Quel maledetto treno blindato,https://www.imdb.com/title/tt0076584/,movie
3050,tt1240952,2013-04-23,2013-04-23,,Empires of the Deep,https://www.imdb.com/title/tt1240952/,movie
3051,tt2641256,2013-04-23,2013-04-23,,Kill or be Killed,https://www.imdb.com/title/tt2641256/,movie
3052,tt1629242,2013-04-23,2013-04-23,,Careful What You Wish For,https://www.imdb.com/title/tt1629242/,movie
3053,tt2326612,2013-04-23,2013-04-23,,The Captive,https://www.imdb.com/title/tt2326612/,movie
3054,tt0069947,2013-04-23,2013-04-23,,The Day of the Jackal,https://www.imdb.com/title/tt0069947/,movie
3055,tt0067824,2013-04-23,2013-04-23,,Tang shan da xiong,https://www.imdb.com/title/tt0067824/,movie
3056,tt0073631,2013-04-23,2013-04-23,,Rollerball,https://www.imdb.com/title/tt0073631/,movie
3057,tt0072730,2013-04-23,2013-04-23,,A Boy and His Dog,https://www.imdb.com/title/tt0072730/,movie
3058,tt0071402,2013-04-23,2013-04-23,,Death Wish,https://www.imdb.com/title/tt0071402/,movie
3059,tt0070948,2013-04-23,2013-04-23,,Zardoz,https://www.imdb.com/title/tt0070948/,movie
3060,tt0071129,2013-04-23,2013-04-23,,Amarcord,https://www.imdb.com/title/tt0071129/,movie
3061,tt0074512,2013-04-23,2013-04-23,,Family Plot,https://www.imdb.com/title/tt0074512/,movie
3062,tt0078480,2013-04-23,2013-04-23,,Watership Down,https://www.imdb.com/title/tt0078480/,movie
3063,tt0078767,2013-04-23,2013-04-23,,The Amityville Horror,https://www.imdb.com/title/tt0078767/,movie
3064,tt0078723,2013-04-23,2013-04-23,,1941,https://www.imdb.com/title/tt0078723/,movie
3065,tt0079714,2013-04-23,2013-04-23,,Phantasm,https://www.imdb.com/title/tt0079714/,movie
3066,tt0083630,2013-04-23,2013-04-23,,The Beastmaster,https://www.imdb.com/title/tt0083630/,movie
3067,tt0083722,2013-04-23,2013-04-23,,Cat People,https://www.imdb.com/title/tt0083722/,movie
3068,tt0084945,2013-04-23,2013-04-23,,Zapped!,https://www.imdb.com/title/tt0084945/,movie
3069,tt0085750,2013-04-23,2013-04-23,,Jaws 3-D,https://www.imdb.com/title/tt0085750/,movie
3070,tt0086361,2013-04-23,2013-04-23,,Staying Alive,https://www.imdb.com/title/tt0086361/,movie
3071,tt0086383,2013-04-23,2013-04-23,,Sudden Impact,https://www.imdb.com/title/tt0086383/,movie
3072,tt0087957,2013-04-23,2013-04-23,,Purple Rain,https://www.imdb.com/title/tt0087957/,movie
3073,tt0088206,2013-04-23,2013-04-23,,Supergirl,https://www.imdb.com/title/tt0088206/,movie
3074,tt0088172,2013-04-23,2013-04-23,,Starman,https://www.imdb.com/title/tt0088172/,movie
3075,tt0089393,2013-04-23,2013-04-23,,Just One of the Guys,https://www.imdb.com/title/tt0089393/,movie
3076,tt0090887,2013-04-23,2013-04-23,,Critters,https://www.imdb.com/title/tt0090887/,movie
3077,tt0091223,2013-04-23,2013-04-23,,House,https://www.imdb.com/title/tt0091223/,movie
3078,tt0092494,2013-04-23,2013-04-23,,*batteries not included,https://www.imdb.com/title/tt0092494/,movie
3079,tt0093756,2013-04-23,2013-04-23,,Police Academy 4: Citizens on Patrol,https://www.imdb.com/title/tt0093756/,movie
3080,tt0094608,2013-04-23,2013-04-23,,The Accused,https://www.imdb.com/title/tt0094608/,movie
3081,tt0095174,2013-04-23,2013-04-23,,Frantic,https://www.imdb.com/title/tt0095174/,movie
3082,tt0095519,2013-04-23,2013-04-23,,License to Drive,https://www.imdb.com/title/tt0095519/,movie
3083,tt0095963,2013-04-23,2013-04-23,,Red Heat,https://www.imdb.com/title/tt0095963/,movie
3084,tt0096244,2013-04-23,2013-04-23,,Tequila Sunrise,https://www.imdb.com/title/tt0096244/,movie
3085,tt0099800,2013-04-23,2013-04-23,,House Party,https://www.imdb.com/title/tt0099800/,movie
3086,tt0103112,2013-04-23,2013-04-23,,Toy Soldiers,https://www.imdb.com/title/tt0103112/,movie
3087,tt0101764,2013-04-23,2013-04-23,,Double Impact,https://www.imdb.com/title/tt0101764/,movie
3088,tt0105121,2013-04-23,2013-04-23,,The People Under the Stairs,https://www.imdb.com/title/tt0105121/,movie
3089,tt0102719,2013-04-23,2013-04-23,,Problem Child 2,https://www.imdb.com/title/tt0102719/,movie
3090,tt0104692,2013-04-23,2013-04-23,,The Lawnmower Man,https://www.imdb.com/title/tt0104692/,movie
3091,tt0105104,2013-04-23,2013-04-23,,Passenger 57,https://www.imdb.com/title/tt0105104/,movie
3092,tt0105415,2013-04-23,2013-04-23,,Singles,https://www.imdb.com/title/tt0105415/,movie
3093,tt0106453,2013-04-23,2013-04-23,,Body of Evidence,https://www.imdb.com/title/tt0106453/,movie
3094,tt0107659,2013-04-23,2013-04-23,,Loaded Weapon 1,https://www.imdb.com/title/tt0107659/,movie
3095,tt0108171,2013-04-23,2013-04-23,,Sniper,https://www.imdb.com/title/tt0108171/,movie
3096,tt0107076,2013-04-23,2013-04-23,,Hard Target,https://www.imdb.com/title/tt0107076/,movie
3097,tt0110363,2013-04-23,2013-04-23,,Little Big League,https://www.imdb.com/title/tt0110363/,movie
3098,tt0110687,2013-04-23,2013-04-23,,North,https://www.imdb.com/title/tt0110687/,movie
3099,tt0110763,2013-04-23,2013-04-23,,The Pagemaster,https://www.imdb.com/title/tt0110763/,movie
3100,tt0111742,2013-04-23,2013-04-23,,Wolf,https://www.imdb.com/title/tt0111742/,movie
3101,tt0113501,2013-04-23,2013-04-23,,Just Cause,https://www.imdb.com/title/tt0113501/,movie
3102,tt0113870,2013-04-23,2013-04-23,,Murder in the First,https://www.imdb.com/title/tt0113870/,movie
3103,tt0112679,2013-04-23,2013-04-23,,Circle of Friends,https://www.imdb.com/title/tt0112679/,movie
3104,tt0112819,2013-04-23,2013-04-23,,Dead Presidents,https://www.imdb.com/title/tt0112819/,movie
3105,tt0115624,2013-04-23,2013-04-23,,Barb Wire,https://www.imdb.com/title/tt0115624/,movie
3106,tt0116654,2013-04-23,2013-04-23,,The Island of Dr. Moreau,https://www.imdb.com/title/tt0116654/,movie
3107,tt0117603,2013-04-23,2013-04-23,,Set It Off,https://www.imdb.com/title/tt0117603/,movie
3108,tt0119080,2013-04-23,2013-04-23,,Eve's Bayou,https://www.imdb.com/title/tt0119080/,movie
3109,tt0119896,2013-04-23,2013-04-23,,Picture Perfect,https://www.imdb.com/title/tt0119896/,movie
3110,tt0120609,2013-04-23,2013-04-23,,The Big Hit,https://www.imdb.com/title/tt0120609/,movie
3111,tt0118956,2013-04-23,2013-04-23,,Deep Rising,https://www.imdb.com/title/tt0118956/,movie
3112,tt0123987,2013-04-23,2013-04-23,,Madeline,https://www.imdb.com/title/tt0123987/,movie
3113,tt0118636,2013-04-23,2013-04-23,,Apt Pupil,https://www.imdb.com/title/tt0118636/,movie
3114,tt0120633,2013-04-23,2013-04-23,,A Civil Action,https://www.imdb.com/title/tt0120633/,movie
3115,tt0141109,2013-04-23,2013-04-23,,Jack Frost,https://www.imdb.com/title/tt0141109/,movie
3116,tt0172396,2013-04-23,2013-04-23,,The End of the Affair,https://www.imdb.com/title/tt0172396/,movie
3117,tt0120710,2013-04-23,2013-04-23,,In Dreams,https://www.imdb.com/title/tt0120710/,movie
3118,tt0171433,2013-04-23,2013-04-23,,Keeping the Faith,https://www.imdb.com/title/tt0171433/,movie
3119,tt0220099,2013-04-23,2013-04-23,,The Tigger Movie,https://www.imdb.com/title/tt0220099/,movie
3120,tt0202402,2013-04-23,2013-04-23,,Whatever It Takes,https://www.imdb.com/title/tt0202402/,movie
3121,tt0149624,2013-04-23,2013-04-23,,All the Pretty Horses,https://www.imdb.com/title/tt0149624/,movie
3122,tt0160009,2013-04-23,2013-04-23,,The Art of War,https://www.imdb.com/title/tt0160009/,movie
3123,tt0219854,2013-04-23,2013-04-23,,The Kid,https://www.imdb.com/title/tt0219854/,movie
3124,tt0144528,2013-04-23,2013-04-23,,Nutty Professor II: The Klumps,https://www.imdb.com/title/tt0144528/,movie
3125,tt0233142,2013-04-23,2013-04-23,,3000 Miles to Graceland,https://www.imdb.com/title/tt0233142/,movie
3126,tt0238112,2013-04-23,2013-04-23,,Captain Corelli's Mandolin,https://www.imdb.com/title/tt0238112/,movie
3127,tt0192071,2013-04-23,2013-04-23,,Get Over It,https://www.imdb.com/title/tt0192071/,movie
3128,tt0180734,2013-04-23,2013-04-23,,Hard Ball,https://www.imdb.com/title/tt0180734/,movie
3129,tt0268397,2013-04-23,2013-04-23,,Jimmy Neutron: Boy Genius,https://www.imdb.com/title/tt0268397/,movie
3130,tt0237572,2013-04-23,2013-04-23,,The Pledge,https://www.imdb.com/title/tt0237572/,movie
3131,tt0271367,2013-04-23,2013-04-23,,Eight Legged Freaks,https://www.imdb.com/title/tt0271367/,movie
3132,tt0256276,2013-04-23,2013-04-23,,Possession,https://www.imdb.com/title/tt0256276/,movie
3133,tt0270707,2013-04-23,2013-04-23,,The Truth About Charlie,https://www.imdb.com/title/tt0270707/,movie
3134,tt0329028,2013-04-23,2013-04-23,,Dumb and Dumberer: When Harry Met Lloyd,https://www.imdb.com/title/tt0329028/,movie
3135,tt0266489,2013-04-23,2013-04-23,,Duplex,https://www.imdb.com/title/tt0266489/,movie
3136,tt0328099,2013-04-23,2013-04-23,,Malibu's Most Wanted,https://www.imdb.com/title/tt0328099/,movie
3137,tt0288045,2013-04-23,2013-04-23,,The Medallion,https://www.imdb.com/title/tt0288045/,movie
3138,tt0304711,2013-04-23,2013-04-23,,The Order,https://www.imdb.com/title/tt0304711/,movie
3139,tt0264150,2013-04-23,2013-04-23,,View from the Top,https://www.imdb.com/title/tt0264150/,movie
3140,tt0338188,2013-04-23,2013-04-23,,The Missing,https://www.imdb.com/title/tt0338188/,movie
3141,tt0273517,2013-04-23,2013-04-23,,Darkness,https://www.imdb.com/title/tt0273517/,movie
3142,tt0359517,2013-04-23,2013-04-23,,Johnson Family Vacation,https://www.imdb.com/title/tt0359517/,movie
3143,tt0338325,2013-04-23,2013-04-23,,Paparazzi,https://www.imdb.com/title/tt0338325/,movie
3144,tt0376105,2013-04-23,2013-04-23,,Racing Stripes,https://www.imdb.com/title/tt0376105/,movie
3145,tt0434215,2013-04-23,2013-04-23,,Flicka,https://www.imdb.com/title/tt0434215/,movie
3146,tt0462346,2013-04-23,2013-04-23,,How to Eat Fried Worms,https://www.imdb.com/title/tt0462346/,movie
3147,tt0393735,2013-04-23,2013-04-23,,The Shaggy Dog,https://www.imdb.com/title/tt0393735/,movie
3148,tt0454987,2013-04-23,2013-04-23,,Let's Go to Prison,https://www.imdb.com/title/tt0454987/,movie
3149,tt0422774,2013-04-23,2013-04-23,,Are We Done Yet?,https://www.imdb.com/title/tt0422774/,movie
3150,tt0397044,2013-04-23,2013-04-23,,Blood and Chocolate,https://www.imdb.com/title/tt0397044/,movie
3151,tt0778661,2013-04-23,2013-04-23,,Daddy's Little Girls,https://www.imdb.com/title/tt0778661/,movie
3152,tt0800027,2013-04-23,2013-04-23,,Feast of Love,https://www.imdb.com/title/tt0800027/,movie
3153,tt0415965,2013-04-23,2013-04-23,,Martian Child,https://www.imdb.com/title/tt0415965/,movie
3154,tt0419984,2013-04-23,2013-04-23,,Mr. Woodcock,https://www.imdb.com/title/tt0419984/,movie
3155,tt0469623,2013-04-23,2013-04-23,,Things We Lost in the Fire,https://www.imdb.com/title/tt0469623/,movie
3156,tt0997047,2013-04-23,2013-04-23,,College Road Trip,https://www.imdb.com/title/tt0997047/,movie
3157,tt1027862,2013-04-23,2013-04-23,,Swing Vote,https://www.imdb.com/title/tt1027862/,movie
3158,tt0780567,2013-04-23,2013-04-23,,Imagine That,https://www.imdb.com/title/tt0780567/,movie
3159,tt1462901,2013-04-23,2013-04-23,,All Is Bright,https://www.imdb.com/title/tt1462901/,movie
3160,tt2204379,2013-04-23,2013-04-23,,The Devil's Carnival,https://www.imdb.com/title/tt2204379/,movie
3161,tt1884318,2013-04-23,2013-04-23,,Girls Gone Dead,https://www.imdb.com/title/tt1884318/,movie
3162,tt1730687,2013-04-23,2013-04-23,,Darling Companion,https://www.imdb.com/title/tt1730687/,movie
3163,tt1833879,2013-04-23,2013-04-23,,Scary or Die,https://www.imdb.com/title/tt1833879/,movie
3164,tt1740047,2013-04-23,2013-04-23,,The Trip,https://www.imdb.com/title/tt1740047/,movie
3165,tt1386925,2013-04-23,2013-04-23,,The Dead,https://www.imdb.com/title/tt1386925/,movie
3166,tt1196340,2013-04-23,2013-04-23,,Inhale,https://www.imdb.com/title/tt1196340/,movie
3167,tt1390535,2013-04-23,2013-04-23,,The Final,https://www.imdb.com/title/tt1390535/,movie
3168,tt1381505,2013-04-23,2013-04-23,,Father of Invention,https://www.imdb.com/title/tt1381505/,movie
3169,tt1518812,2013-04-23,2013-04-23,,Meek's Cutoff,https://www.imdb.com/title/tt1518812/,movie
3170,tt1409004,2013-04-23,2013-04-23,,Bloomington,https://www.imdb.com/title/tt1409004/,movie
3171,tt1130969,2013-04-23,2013-04-23,,Sinners and Saints,https://www.imdb.com/title/tt1130969/,movie
3172,tt1106860,2013-04-23,2013-04-23,,Ca$h,https://www.imdb.com/title/tt1106860/,movie
3173,tt1135092,2013-04-23,2013-04-23,,The Limits of Control,https://www.imdb.com/title/tt1135092/,movie
3174,tt0450336,2013-04-23,2013-04-23,,Town Creek,https://www.imdb.com/title/tt0450336/,movie
3175,tt1217070,2013-04-23,2013-04-23,,Triage,https://www.imdb.com/title/tt1217070/,movie
3176,tt1183251,2013-04-23,2013-04-23,,Beyond a Reasonable Doubt,https://www.imdb.com/title/tt1183251/,movie
3177,tt0874271,2013-04-23,2013-04-23,,Elsewhere,https://www.imdb.com/title/tt0874271/,movie
3178,tt0494864,2013-04-23,2013-04-23,,Tenderness,https://www.imdb.com/title/tt0494864/,movie
3179,tt1084955,2013-04-23,2013-04-23,,Falling Up,https://www.imdb.com/title/tt1084955/,movie
3180,tt1222329,2013-04-23,2013-04-23,,Wild Cherry,https://www.imdb.com/title/tt1222329/,movie
3181,tt1038043,2013-04-23,2013-04-23,,Mammoth,https://www.imdb.com/title/tt1038043/,movie
3182,tt1100053,2013-04-23,2013-04-23,,Tormented,https://www.imdb.com/title/tt1100053/,movie
3183,tt0976247,2013-04-23,2013-04-23,,"Surfer, Dude",https://www.imdb.com/title/tt0976247/,movie
3184,tt0417056,2013-04-23,2013-04-23,,Pledge This!,https://www.imdb.com/title/tt0417056/,movie
3185,tt0460792,2013-04-23,2013-04-23,,Fast Food Nation,https://www.imdb.com/title/tt0460792/,movie
3186,tt0464041,2013-04-23,2013-04-23,,The Lazarus Project,https://www.imdb.com/title/tt0464041/,movie
3187,tt0841044,2013-04-23,2013-04-23,,2 Days in Paris,https://www.imdb.com/title/tt0841044/,movie
3188,tt0338097,2013-04-23,2013-04-23,,Head in the Clouds,https://www.imdb.com/title/tt0338097/,movie
3189,tt0435680,2013-04-23,2013-04-23,,Kidulthood,https://www.imdb.com/title/tt0435680/,movie
3190,tt0388139,2013-04-23,2013-04-23,,It's All Gone Pete Tong,https://www.imdb.com/title/tt0388139/,movie
3191,tt0463027,2013-04-23,2013-04-23,,Descent,https://www.imdb.com/title/tt0463027/,movie
3192,tt0425326,2013-04-23,2013-04-23,,Outsourced,https://www.imdb.com/title/tt0425326/,movie
3193,tt0419294,2013-04-23,2013-04-23,,The Three Burials of Melquiades Estrada,https://www.imdb.com/title/tt0419294/,movie
3194,tt0357110,2013-04-23,2013-04-23,,The Ballad of Jack and Rose,https://www.imdb.com/title/tt0357110/,movie
3195,tt1097643,2013-04-23,2013-04-23,,Fifty Dead Men Walking,https://www.imdb.com/title/tt1097643/,movie
3196,tt0400426,2013-04-23,2013-04-23,,Far Cry,https://www.imdb.com/title/tt0400426/,movie
3197,tt0464049,2013-04-23,2013-04-23,,The History Boys,https://www.imdb.com/title/tt0464049/,movie
3198,tt0477095,2013-04-23,2013-04-23,,Starter for 10,https://www.imdb.com/title/tt0477095/,movie
3199,tt0407732,2013-04-23,2013-04-23,,Dirty Deeds,https://www.imdb.com/title/tt0407732/,movie
3200,tt0455362,2013-04-23,2013-04-23,,The Breed,https://www.imdb.com/title/tt0455362/,movie
3201,tt0415978,2013-04-23,2013-04-23,,Me and You and Everyone We Know,https://www.imdb.com/title/tt0415978/,movie
3202,tt0845046,2013-04-23,2013-04-23,,Son of Rambow,https://www.imdb.com/title/tt0845046/,movie
3203,tt0373450,2013-04-23,2013-04-23,,Where the Truth Lies,https://www.imdb.com/title/tt0373450/,movie
3204,tt0389957,2013-04-23,2013-04-23,,Edison,https://www.imdb.com/title/tt0389957/,movie
3205,tt0808244,2013-04-23,2013-04-23,,Easy Virtue,https://www.imdb.com/title/tt0808244/,movie
3206,tt0377309,2013-04-23,2013-04-23,,Three,https://www.imdb.com/title/tt0377309/,movie
3207,tt0887971,2013-04-23,2013-04-23,,While She Was Out,https://www.imdb.com/title/tt0887971/,movie
3208,tt1224366,2013-04-23,2013-04-23,,Afterschool,https://www.imdb.com/title/tt1224366/,movie
3209,tt0780608,2013-04-23,2013-04-23,,Smiley Face,https://www.imdb.com/title/tt0780608/,movie
3210,tt0899128,2013-04-23,2013-04-23,,100 Feet,https://www.imdb.com/title/tt0899128/,movie
3211,tt0828393,2013-04-23,2013-04-23,,Garden Party,https://www.imdb.com/title/tt0828393/,movie
3212,tt0978759,2013-04-23,2013-04-23,,Frozen River,https://www.imdb.com/title/tt0978759/,movie
3213,tt0497972,2013-04-23,2013-04-23,,Sex and Death 101,https://www.imdb.com/title/tt0497972/,movie
3214,tt0804443,2013-04-23,2013-04-23,,Asylum,https://www.imdb.com/title/tt0804443/,movie
3215,tt0418773,2013-04-23,2013-04-23,,Junebug,https://www.imdb.com/title/tt0418773/,movie
3216,tt0477078,2013-04-23,2013-04-23,,Rocket Science,https://www.imdb.com/title/tt0477078/,movie
3217,tt0479537,2013-04-23,2013-04-23,,Seraphim Falls,https://www.imdb.com/title/tt0479537/,movie
3218,tt0372334,2013-04-23,2013-04-23,,House of D,https://www.imdb.com/title/tt0372334/,movie
3219,tt0283426,2013-04-23,2013-04-23,,The Jungle Book 2,https://www.imdb.com/title/tt0283426/,movie
3220,tt0189998,2013-04-23,2013-04-23,,Shadow of the Vampire,https://www.imdb.com/title/tt0189998/,movie
3221,tt0342167,2013-04-23,2013-04-23,,Camp,https://www.imdb.com/title/tt0342167/,movie
3222,tt0301976,2013-04-23,2013-04-23,,The United States of Leland,https://www.imdb.com/title/tt0301976/,movie
3223,tt0134154,2013-04-23,2013-04-23,,Ride with the Devil,https://www.imdb.com/title/tt0134154/,movie
3224,tt0276816,2013-04-23,2013-04-23,,Below,https://www.imdb.com/title/tt0276816/,movie
3225,tt0302297,2013-04-23,2013-04-23,,After School Special,https://www.imdb.com/title/tt0302297/,movie
3226,tt0259484,2013-04-23,2013-04-23,,Paid in Full,https://www.imdb.com/title/tt0259484/,movie
3227,tt0170691,2013-04-23,2013-04-23,,Tigerland,https://www.imdb.com/title/tt0170691/,movie
3228,tt0308878,2013-04-23,2013-04-23,,The Shape of Things,https://www.imdb.com/title/tt0308878/,movie
3229,tt0116242,2013-04-23,2013-04-23,,Everyone Says I Love You,https://www.imdb.com/title/tt0116242/,movie
3230,tt0119256,2013-04-23,2013-04-23,,Sydney,https://www.imdb.com/title/tt0119256/,movie
3231,tt0116985,2013-04-23,2013-04-23,,Manny & Lo,https://www.imdb.com/title/tt0116985/,movie
3232,tt0139362,2013-04-23,2013-04-23,,High Art,https://www.imdb.com/title/tt0139362/,movie
3233,tt0111252,2013-04-23,2013-04-23,,Spanking the Monkey,https://www.imdb.com/title/tt0111252/,movie
3234,tt0106307,2013-04-23,2013-04-23,,Arizona Dream,https://www.imdb.com/title/tt0106307/,movie
3235,tt0107151,2013-04-23,2013-04-23,,The House of the Spirits,https://www.imdb.com/title/tt0107151/,movie
3236,tt0105159,2013-04-23,2013-04-23,,The Power of One,https://www.imdb.com/title/tt0105159/,movie
3237,tt0105151,2013-04-23,2013-04-23,,The Player,https://www.imdb.com/title/tt0105151/,movie
3238,tt0098453,2013-04-23,2013-04-23,,Teen Witch,https://www.imdb.com/title/tt0098453/,movie
3239,tt0104756,2013-04-23,2013-04-23,,Lorenzo's Oil,https://www.imdb.com/title/tt0104756/,movie
3240,tt0107756,2013-04-23,2013-04-23,,Orlando,https://www.imdb.com/title/tt0107756/,movie
3241,tt0093605,2013-04-23,2013-04-23,,Near Dark,https://www.imdb.com/title/tt0093605/,movie
3242,tt0096324,2013-04-23,2013-04-23,,Two Moon Junction,https://www.imdb.com/title/tt0096324/,movie
3243,tt0086856,2013-04-23,2013-04-23,,The Adventures of Buckaroo Banzai Across the 8th Dimension,https://www.imdb.com/title/tt0086856/,movie
3244,tt0082934,2013-04-23,2013-04-23,,The Postman Always Rings Twice,https://www.imdb.com/title/tt0082934/,movie
3245,tt0082085,2013-04-23,2013-04-23,,Blow Out,https://www.imdb.com/title/tt0082085/,movie
3246,tt0086320,2013-04-23,2013-04-23,,Sleepaway Camp,https://www.imdb.com/title/tt0086320/,movie
3247,tt0080661,2013-04-23,2013-04-23,,Dressed to Kill,https://www.imdb.com/title/tt0080661/,movie
3248,tt0086423,2013-04-23,2013-04-23,,Tender Mercies,https://www.imdb.com/title/tt0086423/,movie
3249,tt0077594,2013-04-23,2013-04-23,,Game of Death,https://www.imdb.com/title/tt0077594/,movie
3250,tt2420740,2013-04-23,2013-04-23,,Everest,https://www.imdb.com/title/tt2420740/,movie
3251,tt1726592,2013-04-23,2013-04-23,,Before I Go to Sleep,https://www.imdb.com/title/tt1726592/,movie
3252,tt0072951,2013-04-23,2013-04-23,,Escape to Witch Mountain,https://www.imdb.com/title/tt0072951/,movie
3253,tt0071877,2013-04-23,2013-04-23,,Murder on the Orient Express,https://www.imdb.com/title/tt0071877/,movie
3254,tt0072417,2013-04-23,2013-04-23,,A Woman Under the Influence,https://www.imdb.com/title/tt0072417/,movie
3255,tt0070707,2013-04-23,2013-04-23,,Sleeper,https://www.imdb.com/title/tt0070707/,movie
3256,tt0069768,2013-04-23,2013-04-23,,Battle for the Planet of the Apes,https://www.imdb.com/title/tt0069768/,movie
3257,tt0069718,2013-04-23,2013-04-23,,Anita,https://www.imdb.com/title/tt0069718/,movie
3258,tt0073341,2013-04-23,2013-04-23,,The Man Who Would Be King,https://www.imdb.com/title/tt0073341/,movie
3259,tt0074483,2013-04-23,2013-04-23,,The Enforcer,https://www.imdb.com/title/tt0074483/,movie
3260,tt0074937,2013-04-23,2013-04-23,,Murder by Death,https://www.imdb.com/title/tt0074937/,movie
3261,tt0074811,2013-04-23,2013-04-23,,Le locataire,https://www.imdb.com/title/tt0074811/,movie
3262,tt0076141,2013-04-23,2013-04-23,,High Anxiety,https://www.imdb.com/title/tt0076141/,movie
3263,tt0074695,2013-04-23,2013-04-23,,Cross of Iron,https://www.imdb.com/title/tt0074695/,movie
3264,tt0080520,2013-04-23,2013-04-23,,Cheech and Chong's Next Movie,https://www.imdb.com/title/tt0080520/,movie
3265,tt0078754,2013-04-23,2013-04-23,,All That Jazz,https://www.imdb.com/title/tt0078754/,movie
3266,tt0084809,2013-04-23,2013-04-23,,The Toy,https://www.imdb.com/title/tt0084809/,movie
3267,tt0084855,2013-04-23,2013-04-23,,The Verdict,https://www.imdb.com/title/tt0084855/,movie
3268,tt0085154,2013-04-23,2013-04-23,,All the Right Moves,https://www.imdb.com/title/tt0085154/,movie
3269,tt0087262,2013-04-23,2013-04-23,,Firestarter,https://www.imdb.com/title/tt0087262/,movie
3270,tt0088194,2013-04-23,2013-04-23,,Streets of Fire,https://www.imdb.com/title/tt0088194/,movie
3271,tt0087075,2013-04-23,2013-04-23,,The Company of Wolves,https://www.imdb.com/title/tt0087075/,movie
3272,tt0088850,2013-04-23,2013-04-23,,Brewster's Millions,https://www.imdb.com/title/tt0088850/,movie
3273,tt0089370,2013-04-23,2013-04-23,,The Jewel of the Nile,https://www.imdb.com/title/tt0089370/,movie
3274,tt0089601,2013-04-23,2013-04-23,,Mischief,https://www.imdb.com/title/tt0089601/,movie
3275,tt0091777,2013-04-23,2013-04-23,,Police Academy 3: Back in Training,https://www.imdb.com/title/tt0091777/,movie
3276,tt0092666,2013-04-23,2013-04-23,,Blind Date,https://www.imdb.com/title/tt0092666/,movie
3277,tt0093137,2013-04-23,2013-04-23,,Hamburger Hill,https://www.imdb.com/title/tt0093137/,movie
3278,tt0094142,2013-04-23,2013-04-23,,Throw Momma from the Train,https://www.imdb.com/title/tt0094142/,movie
3279,tt0094964,2013-04-23,2013-04-23,,Dead Ringers,https://www.imdb.com/title/tt0094964/,movie
3280,tt0099005,2013-04-23,2013-04-23,,Air America,https://www.imdb.com/title/tt0099005/,movie
3281,tt0099141,2013-04-23,2013-04-23,,Bird on a Wire,https://www.imdb.com/title/tt0099141/,movie
3282,tt0099472,2013-04-23,2013-04-23,,DuckTales the Movie: Treasure of the Lost Lamp,https://www.imdb.com/title/tt0099472/,movie
3283,tt0097162,2013-04-23,2013-04-23,,Dead Calm,https://www.imdb.com/title/tt0097162/,movie
3284,tt0100436,2013-04-23,2013-04-23,,Pump Up the Volume,https://www.imdb.com/title/tt0100436/,movie
3285,tt0100514,2013-04-23,2013-04-23,,The Rookie,https://www.imdb.com/title/tt0100514/,movie
3286,tt0099994,2013-04-23,2013-04-23,,Leatherface: Texas Chainsaw Massacre III,https://www.imdb.com/title/tt0099994/,movie
3287,tt0103247,2013-04-23,2013-04-23,,White Fang,https://www.imdb.com/title/tt0103247/,movie
3288,tt0103262,2013-04-23,2013-04-23,,Wild Hearts Can't Be Broken,https://www.imdb.com/title/tt0103262/,movie
3289,tt0102034,2013-04-23,2013-04-23,,Highlander II: The Quickening,https://www.imdb.com/title/tt0102034/,movie
3290,tt0102175,2013-04-23,2013-04-23,,Jungle Fever,https://www.imdb.com/title/tt0102175/,movie
3291,tt0104409,2013-04-23,2013-04-23,,Hellraiser III: Hell on Earth,https://www.imdb.com/title/tt0104409/,movie
3292,tt0104839,2013-04-23,2013-04-23,,Medicine Man,https://www.imdb.com/title/tt0104839/,movie
3293,tt0105327,2013-04-23,2013-04-23,,School Ties,https://www.imdb.com/title/tt0105327/,movie
3294,tt0108473,2013-04-23,2013-04-23,,The Vanishing,https://www.imdb.com/title/tt0108473/,movie
3295,tt0106364,2013-04-23,2013-04-23,,Batman: Mask of the Phantasm,https://www.imdb.com/title/tt0106364/,movie
3296,tt0107282,2013-04-23,2013-04-23,,The Joy Luck Club,https://www.imdb.com/title/tt0107282/,movie
3297,tt0107497,2013-04-23,2013-04-23,,Malice,https://www.imdb.com/title/tt0107497/,movie
3298,tt0108186,2013-04-23,2013-04-23,,Son in Law,https://www.imdb.com/title/tt0108186/,movie
3299,tt0108526,2013-04-23,2013-04-23,,We're Back! A Dinosaur's Story,https://www.imdb.com/title/tt0108526/,movie
3300,tt0109287,2013-04-23,2013-04-23,,Blank Check,https://www.imdb.com/title/tt0109287/,movie
3301,tt0110527,2013-04-23,2013-04-23,,Miracle on 34th Street,https://www.imdb.com/title/tt0110527/,movie
3302,tt0110737,2013-04-23,2013-04-23,,Only You,https://www.imdb.com/title/tt0110737/,movie
3303,tt0112571,2013-04-23,2013-04-23,,Boys on the Side,https://www.imdb.com/title/tt0112571/,movie
3304,tt0112435,2013-04-23,2013-04-23,,The Baby-Sitters Club,https://www.imdb.com/title/tt0112435/,movie
3305,tt0114345,2013-04-23,2013-04-23,,The Scarlet Letter,https://www.imdb.com/title/tt0114345/,movie
3306,tt0115986,2013-04-23,2013-04-23,,The Crow: City of Angels,https://www.imdb.com/title/tt0115986/,movie
3307,tt0116329,2013-04-23,2013-04-23,,Fly Away Home,https://www.imdb.com/title/tt0116329/,movie
3308,tt0117107,2013-04-23,2013-04-23,,Mulholland Falls,https://www.imdb.com/title/tt0117107/,movie
3309,tt0118556,2013-04-23,2013-04-23,,Addicted to Love,https://www.imdb.com/title/tt0118556/,movie
3310,tt0119432,2013-04-23,2013-04-23,,Jungle 2 Jungle,https://www.imdb.com/title/tt0119432/,movie
3311,tt0119731,2013-04-23,2013-04-23,,Murder at 1600,https://www.imdb.com/title/tt0119731/,movie
3312,tt0118531,2013-04-23,2013-04-23,,One Eight Seven,https://www.imdb.com/title/tt0118531/,movie
3313,tt0099558,2013-04-23,2013-04-23,,Fei ying gai wak,https://www.imdb.com/title/tt0099558/,movie
3314,tt0120654,2013-04-23,2013-04-23,,Dirty Work,https://www.imdb.com/title/tt0120654/,movie
3315,tt0120185,2013-04-23,2013-04-23,,Spice World,https://www.imdb.com/title/tt0120185/,movie
3316,tt0158493,2013-04-23,2013-04-23,,Belly,https://www.imdb.com/title/tt0158493/,movie
3317,tt0134619,2013-04-23,2013-04-23,,Disturbing Behavior,https://www.imdb.com/title/tt0134619/,movie
3318,tt0134618,2013-04-23,2013-04-23,,"Mystery, Alaska",https://www.imdb.com/title/tt0134618/,movie
3319,tt0176269,2013-04-23,2013-04-23,,Universal Soldier: The Return,https://www.imdb.com/title/tt0176269/,movie
3320,tt0161100,2013-04-23,2013-04-23,,The Wood,https://www.imdb.com/title/tt0161100/,movie
3321,tt0186975,2013-04-23,2013-04-23,,Down to You,https://www.imdb.com/title/tt0186975/,movie
3322,tt0184858,2013-04-23,2013-04-23,,Reindeer Games,https://www.imdb.com/title/tt0184858/,movie
3323,tt0195234,2013-04-23,2013-04-23,,Saving Grace,https://www.imdb.com/title/tt0195234/,movie
3324,tt0144964,2013-04-23,2013-04-23,,Highlander: Endgame,https://www.imdb.com/title/tt0144964/,movie
3325,tt0217630,2013-04-23,2013-04-23,,Loser,https://www.imdb.com/title/tt0217630/,movie
3326,tt0231402,2013-04-23,2013-04-23,,Crocodile Dundee in Los Angeles,https://www.imdb.com/title/tt0231402/,movie
3327,tt0249478,2013-04-23,2013-04-23,,Domestic Disturbance,https://www.imdb.com/title/tt0249478/,movie
3328,tt0234829,2013-04-23,2013-04-23,,Summer Catch,https://www.imdb.com/title/tt0234829/,movie
3329,tt0211443,2013-04-23,2013-04-23,,Jason X,https://www.imdb.com/title/tt0211443/,movie
3330,tt0326769,2013-04-23,2013-04-23,,Biker Boyz,https://www.imdb.com/title/tt0326769/,movie
3331,tt0317676,2013-04-23,2013-04-23,,House of the Dead,https://www.imdb.com/title/tt0317676/,movie
3332,tt0337592,2013-04-23,2013-04-23,,Love Don't Cost a Thing,https://www.imdb.com/title/tt0337592/,movie
3333,tt0337909,2013-04-23,2013-04-23,,Calendar Girls,https://www.imdb.com/title/tt0337909/,movie
3334,tt0326856,2013-04-23,2013-04-23,,Envy,https://www.imdb.com/title/tt0326856/,movie
3335,tt0204313,2013-04-23,2013-04-23,,Exorcist: The Beginning,https://www.imdb.com/title/tt0204313/,movie
3336,tt0167456,2013-04-23,2013-04-23,,Thunderbirds,https://www.imdb.com/title/tt0167456/,movie
3337,tt0357507,2013-04-23,2013-04-23,,Boogeyman,https://www.imdb.com/title/tt0357507/,movie
3338,tt0365485,2013-04-23,2013-04-23,,The Matador,https://www.imdb.com/title/tt0365485/,movie
3339,tt0400525,2013-04-23,2013-04-23,,The Ice Harvest,https://www.imdb.com/title/tt0400525/,movie
3340,tt0403455,2013-04-23,2013-04-23,,Roll Bounce,https://www.imdb.com/title/tt0403455/,movie
3341,tt0403016,2013-04-23,2013-04-23,,Supercross,https://www.imdb.com/title/tt0403016/,movie
3342,tt0430779,2013-04-23,2013-04-23,,Everyone's Hero,https://www.imdb.com/title/tt0430779/,movie
3343,tt0349467,2013-04-23,2013-04-23,,Freedomland,https://www.imdb.com/title/tt0349467/,movie
3344,tt0453494,2013-04-23,2013-04-23,,Hoot,https://www.imdb.com/title/tt0453494/,movie
3345,tt0408985,2013-04-23,2013-04-23,,Last Holiday,https://www.imdb.com/title/tt0408985/,movie
3346,tt0433412,2013-04-23,2013-04-23,,Material Girls,https://www.imdb.com/title/tt0433412/,movie
3347,tt0430431,2013-04-23,2013-04-23,,One Night with the King,https://www.imdb.com/title/tt0430431/,movie
3348,tt0458364,2013-04-23,2013-04-23,,Fast Track,https://www.imdb.com/title/tt0458364/,movie
3349,tt0416185,2013-04-23,2013-04-23,,Resurrecting the Champ,https://www.imdb.com/title/tt0416185/,movie
3350,tt0937375,2013-04-23,2013-04-23,,This Christmas,https://www.imdb.com/title/tt0937375/,movie
3351,tt0494652,2013-04-23,2013-04-23,,"Welcome Home, Roscoe Jenkins",https://www.imdb.com/title/tt0494652/,movie
3352,tt0976222,2013-04-23,2013-04-23,,Bandslam,https://www.imdb.com/title/tt0976222/,movie
3353,tt0393597,2013-04-23,2013-04-23,,Earth,https://www.imdb.com/title/tt0393597/,movie
3354,tt1097013,2013-04-23,2013-04-23,,Next Day Air,https://www.imdb.com/title/tt1097013/,movie
3355,tt1937388,2013-04-23,2013-04-23,,The Millionaire Tour,https://www.imdb.com/title/tt1937388/,movie
3356,tt1709652,2013-04-23,2013-04-23,,Dragon Age: Dawn of the Seeker,https://www.imdb.com/title/tt1709652/,movie
3357,tt1838722,2013-04-23,2013-04-23,,Truth or Dare,https://www.imdb.com/title/tt1838722/,movie
3358,tt1414378,2013-04-23,2013-04-23,,Tracker,https://www.imdb.com/title/tt1414378/,movie
3359,tt1575539,2013-04-23,2013-04-23,,Elena Undone,https://www.imdb.com/title/tt1575539/,movie
3360,tt1125929,2013-04-23,2013-04-23,,Love Ranch,https://www.imdb.com/title/tt1125929/,movie
3361,tt1092634,2013-04-23,2013-04-23,,Shanghai,https://www.imdb.com/title/tt1092634/,movie
3362,tt1278379,2013-04-23,2013-04-23,,Jack Goes Boating,https://www.imdb.com/title/tt1278379/,movie
3363,tt1411232,2013-04-23,2013-04-23,,13 Hrs,https://www.imdb.com/title/tt1411232/,movie
3364,tt1600524,2013-04-23,2013-04-23,,Les amours imaginaires,https://www.imdb.com/title/tt1600524/,movie
3365,tt1325723,2013-04-23,2013-04-23,,Choose,https://www.imdb.com/title/tt1325723/,movie
3366,tt1233192,2013-04-23,2013-04-23,,Brighton Rock,https://www.imdb.com/title/tt1233192/,movie
3367,tt1259574,2013-04-23,2013-04-23,,Red Riding: The Year of Our Lord 1974,https://www.imdb.com/title/tt1259574/,tvMovie
3368,tt1179258,2013-04-23,2013-04-23,,Chéri,https://www.imdb.com/title/tt1179258/,movie
3369,tt0419724,2013-04-23,2013-04-23,,The Haunted World of El Superbeasto,https://www.imdb.com/title/tt0419724/,video
3370,tt0896923,2013-04-23,2013-04-23,,The City of Your Final Destination,https://www.imdb.com/title/tt0896923/,movie
3371,tt1139282,2013-04-23,2013-04-23,,Stolen Lives,https://www.imdb.com/title/tt1139282/,movie
3372,tt0914837,2013-04-23,2013-04-23,,44 Inch Chest,https://www.imdb.com/title/tt0914837/,movie
3373,tt1270286,2013-04-23,2013-04-23,,To Save a Life,https://www.imdb.com/title/tt1270286/,movie
3374,tt0762105,2013-04-23,2013-04-23,,I Hate Valentine's Day,https://www.imdb.com/title/tt0762105/,movie
3375,tt1175506,2013-04-23,2013-04-23,,Me and Orson Welles,https://www.imdb.com/title/tt1175506/,movie
3376,tt1145144,2013-04-23,2013-04-23,,Center Stage: Turn It Up,https://www.imdb.com/title/tt1145144/,movie
3377,tt0790618,2013-04-23,2013-04-23,,The Beautiful Ordinary,https://www.imdb.com/title/tt0790618/,movie
3378,tt0452624,2013-04-23,2013-04-23,,The Good German,https://www.imdb.com/title/tt0452624/,movie
3379,tt1176251,2013-04-23,2013-04-23,,Gigantic,https://www.imdb.com/title/tt1176251/,movie
3380,tt1126596,2013-04-23,2013-04-23,,Adulthood,https://www.imdb.com/title/tt1126596/,movie
3381,tt0314063,2013-04-23,2013-04-23,,Immortel (ad vitam),https://www.imdb.com/title/tt0314063/,movie
3382,tt0803057,2013-04-23,2013-04-23,,The Promotion,https://www.imdb.com/title/tt0803057/,movie
3383,tt0325596,2013-04-23,2013-04-23,,The I Inside,https://www.imdb.com/title/tt0325596/,movie
3384,tt0422272,2013-04-23,2013-04-23,,Frágiles,https://www.imdb.com/title/tt0422272/,movie
3385,tt0441774,2013-04-23,2013-04-23,,Lonely Hearts,https://www.imdb.com/title/tt0441774/,movie
3386,tt0384533,2013-04-23,2013-04-23,,She Hate Me,https://www.imdb.com/title/tt0384533/,movie
3387,tt0401815,2013-04-23,2013-04-23,,Tamara,https://www.imdb.com/title/tt0401815/,movie
3388,tt0318761,2013-04-23,2013-04-23,,Thumbsucker,https://www.imdb.com/title/tt0318761/,movie
3389,tt0796307,2013-04-23,2013-04-23,,La misma luna,https://www.imdb.com/title/tt0796307/,movie
3390,tt0412536,2013-04-23,2013-04-23,,Brideshead Revisited,https://www.imdb.com/title/tt0412536/,movie
3391,tt0892899,2013-04-23,2013-04-23,,Outpost,https://www.imdb.com/title/tt0892899/,movie
3392,tt1172571,2013-04-23,2013-04-23,,The Children,https://www.imdb.com/title/tt1172571/,movie
3393,tt0429715,2013-04-23,2013-04-23,,The Business,https://www.imdb.com/title/tt0429715/,movie
3394,tt0369672,2013-04-23,2013-04-23,,A Love Song for Bobby Long,https://www.imdb.com/title/tt0369672/,movie
3395,tt0475984,2013-04-23,2013-04-23,,Mister Lonely,https://www.imdb.com/title/tt0475984/,movie
3396,tt0377752,2013-04-23,2013-04-23,,Dear Frankie,https://www.imdb.com/title/tt0377752/,movie
3397,tt0867334,2013-04-23,2013-04-23,,Jolene,https://www.imdb.com/title/tt0867334/,movie
3398,tt0473188,2013-04-23,2013-04-23,,The Death and Life of Bobby Z,https://www.imdb.com/title/tt0473188/,movie
3399,tt0457275,2013-04-23,2013-04-23,,Altered,https://www.imdb.com/title/tt0457275/,movie
3400,tt1027747,2013-04-23,2013-04-23,,Stiletto,https://www.imdb.com/title/tt1027747/,movie
3401,tt0386741,2013-04-23,2013-04-23,,Renaissance,https://www.imdb.com/title/tt0386741/,movie
3402,tt0486640,2013-04-23,2013-04-23,,Postal,https://www.imdb.com/title/tt0486640/,movie
3403,tt0787523,2013-04-23,2013-04-23,,Nothing Is Private,https://www.imdb.com/title/tt0787523/,movie
3404,tt0822389,2013-04-23,2013-04-23,,Kenny,https://www.imdb.com/title/tt0822389/,movie
3405,tt0810945,2013-04-23,2013-04-23,,Live!,https://www.imdb.com/title/tt0810945/,movie
3406,tt0345061,2013-04-23,2013-04-23,,Code 46,https://www.imdb.com/title/tt0345061/,movie
3407,tt0158371,2013-04-23,2013-04-23,,Sweet and Lowdown,https://www.imdb.com/title/tt0158371/,movie
3408,tt0236640,2013-04-23,2013-04-23,,Prozac Nation,https://www.imdb.com/title/tt0236640/,movie
3409,tt0318411,2013-04-23,2013-04-23,,The Magdalene Sisters,https://www.imdb.com/title/tt0318411/,movie
3410,tt0308152,2013-04-23,2013-04-23,,Dead End,https://www.imdb.com/title/tt0308152/,movie
3411,tt0245573,2013-04-23,2013-04-23,,XX/XY,https://www.imdb.com/title/tt0245573/,movie
3412,tt0248845,2013-04-23,2013-04-23,,Hedwig and the Angry Inch,https://www.imdb.com/title/tt0248845/,movie
3413,tt0278731,2013-04-23,2013-04-23,,Spider,https://www.imdb.com/title/tt0278731/,movie
3414,tt0168987,2013-04-23,2013-04-23,,Better Than Chocolate,https://www.imdb.com/title/tt0168987/,movie
3415,tt0114916,2013-04-23,2013-04-23,,When Night Is Falling,https://www.imdb.com/title/tt0114916/,movie
3416,tt0120777,2013-04-23,2013-04-23,,The Opposite of Sex,https://www.imdb.com/title/tt0120777/,movie
3417,tt0118954,2013-04-23,2013-04-23,,Deconstructing Harry,https://www.imdb.com/title/tt0118954/,movie
3418,tt0120118,2013-04-23,2013-04-23,,Shiloh,https://www.imdb.com/title/tt0120118/,movie
3419,tt0114660,2013-04-23,2013-04-23,,Things to Do in Denver When You're Dead,https://www.imdb.com/title/tt0114660/,movie
3420,tt0114057,2013-04-23,2013-04-23,,Othello,https://www.imdb.com/title/tt0114057/,movie
3421,tt0097880,2013-04-23,2013-04-23,,The Mighty Quinn,https://www.imdb.com/title/tt0097880/,movie
3422,tt0102202,2013-04-23,2013-04-23,,Kickboxer 2: The Road Back,https://www.imdb.com/title/tt0102202/,movie
3423,tt0097123,2013-04-23,2013-04-23,,Crimes and Misdemeanors,https://www.imdb.com/title/tt0097123/,movie
3424,tt0098319,2013-04-23,2013-04-23,,Shirley Valentine,https://www.imdb.com/title/tt0098319/,movie
3425,tt0104454,2013-04-23,2013-04-23,,Howards End,https://www.imdb.com/title/tt0104454/,movie
3426,tt0098575,2013-04-23,2013-04-23,,Valmont,https://www.imdb.com/title/tt0098575/,movie
3427,tt0099797,2013-04-23,2013-04-23,,The Hot Spot,https://www.imdb.com/title/tt0099797/,movie
3428,tt0106471,2013-04-23,2013-04-23,,Boxing Helena,https://www.imdb.com/title/tt0106471/,movie
3429,tt0102536,2013-04-23,2013-04-23,,Night on Earth,https://www.imdb.com/title/tt0102536/,movie
3430,tt0096454,2013-04-23,2013-04-23,,Without a Clue,https://www.imdb.com/title/tt0096454/,movie
3431,tt0092610,2013-04-23,2013-04-23,,Bad Taste,https://www.imdb.com/title/tt0092610/,movie
3432,tt0091860,2013-04-23,2013-04-23,,River's Edge,https://www.imdb.com/title/tt0091860/,movie
3433,tt0082533,2013-04-23,2013-04-23,,The Howling,https://www.imdb.com/title/tt0082533/,movie
3434,tt0081696,2013-04-23,2013-04-23,,Urban Cowboy,https://www.imdb.com/title/tt0081696/,movie
3435,tt0083190,2013-04-23,2013-04-23,,Thief,https://www.imdb.com/title/tt0083190/,movie
3436,tt0082869,2013-04-23,2013-04-23,,Outland,https://www.imdb.com/title/tt0082869/,movie
3437,tt2112277,2013-04-23,2013-04-23,,Swelter,https://www.imdb.com/title/tt2112277/,movie
3438,tt0068638,2013-04-23,2013-04-23,,The Getaway,https://www.imdb.com/title/tt0068638/,movie
3439,tt0069945,2013-04-23,2013-04-23,,Dark Star,https://www.imdb.com/title/tt0069945/,movie
3440,tt0073540,2013-04-23,2013-04-23,,Picnic at Hanging Rock,https://www.imdb.com/title/tt0073540/,movie
3441,tt0074751,2013-04-23,2013-04-23,,King Kong,https://www.imdb.com/title/tt0074751/,movie
3442,tt0075925,2013-04-23,2013-04-23,,The Deep,https://www.imdb.com/title/tt0075925/,movie
3443,tt0077681,2013-04-23,2013-04-23,,The Hills Have Eyes,https://www.imdb.com/title/tt0077681/,movie
3444,tt0076578,2013-04-23,2013-04-23,,Pumping Iron,https://www.imdb.com/title/tt0076578/,movie
3445,tt0080377,2013-04-23,2013-04-23,,Any Which Way You Can,https://www.imdb.com/title/tt0080377/,movie
3446,tt0081562,2013-04-23,2013-04-23,,Stir Crazy,https://www.imdb.com/title/tt0081562/,movie
3447,tt0078163,2013-04-23,2013-04-23,,Revenge of the Pink Panther,https://www.imdb.com/title/tt0078163/,movie
3448,tt0077572,2013-04-23,2013-04-23,,Force 10 from Navarone,https://www.imdb.com/title/tt0077572/,movie
3449,tt0078087,2013-04-23,2013-04-23,,Piranha,https://www.imdb.com/title/tt0078087/,movie
3450,tt0078718,2013-04-23,2013-04-23,,...and justice for all.,https://www.imdb.com/title/tt0078718/,movie
3451,tt0078908,2013-04-23,2013-04-23,,The Brood,https://www.imdb.com/title/tt0078908/,movie
3452,tt0080009,2013-04-23,2013-04-23,,Tess,https://www.imdb.com/title/tt0080009/,movie
3453,tt0080117,2013-04-23,2013-04-23,,The Wanderers,https://www.imdb.com/title/tt0080117/,movie
3454,tt0083972,2013-04-23,2013-04-23,,Friday the 13th Part III,https://www.imdb.com/title/tt0083972/,movie
3455,tt0085470,2013-04-23,2013-04-23,,Easy Money,https://www.imdb.com/title/tt0085470/,movie
3456,tt0086859,2013-04-23,2013-04-23,,Against All Odds,https://www.imdb.com/title/tt0086859/,movie
3457,tt0090180,2013-04-23,2013-04-23,,To Live and Die in L.A.,https://www.imdb.com/title/tt0090180/,movie
3458,tt0090583,2013-04-23,2013-04-23,,About Last Night...,https://www.imdb.com/title/tt0090583/,movie
3459,tt0091209,2013-04-23,2013-04-23,,The Hitcher,https://www.imdb.com/title/tt0091209/,movie
3460,tt0091738,2013-04-23,2013-04-23,,Peggy Sue Got Married,https://www.imdb.com/title/tt0091738/,movie
3461,tt0092076,2013-04-23,2013-04-23,,The Texas Chainsaw Massacre 2,https://www.imdb.com/title/tt0092076/,movie
3462,tt0092272,2013-04-23,2013-04-23,,Youngblood,https://www.imdb.com/title/tt0092272/,movie
3463,tt0093777,2013-04-23,2013-04-23,,Prince of Darkness,https://www.imdb.com/title/tt0093777/,movie
3464,tt0094138,2013-04-23,2013-04-23,,Three O'Clock High,https://www.imdb.com/title/tt0094138/,movie
3465,tt0095294,2013-04-23,2013-04-23,,Hellbound: Hellraiser II,https://www.imdb.com/title/tt0095294/,movie
3466,tt0097138,2013-04-23,2013-04-23,,Cyborg,https://www.imdb.com/title/tt0097138/,movie
3467,tt0100395,2013-04-23,2013-04-23,,Postcards from the Edge,https://www.imdb.com/title/tt0100395/,movie
3468,tt0102603,2013-04-23,2013-04-23,,Oscar,https://www.imdb.com/title/tt0102603/,movie
3469,tt0101669,2013-04-23,2013-04-23,,Dead Again,https://www.imdb.com/title/tt0101669/,movie
3470,tt0102005,2013-04-23,2013-04-23,,Harley Davidson and the Marlboro Man,https://www.imdb.com/title/tt0102005/,movie
3471,tt0108451,2013-04-23,2013-04-23,,Untamed Heart,https://www.imdb.com/title/tt0108451/,movie
3472,tt0107501,2013-04-23,2013-04-23,,The Man Without a Face,https://www.imdb.com/title/tt0107501/,movie
3473,tt0107889,2013-04-23,2013-04-23,,The Program,https://www.imdb.com/title/tt0107889/,movie
3474,tt0111418,2013-04-23,2013-04-23,,Threesome,https://www.imdb.com/title/tt0111418/,movie
3475,tt0111667,2013-04-23,2013-04-23,,The War,https://www.imdb.com/title/tt0111667/,movie
3476,tt0115438,2013-04-23,2013-04-23,,2 Days in the Valley,https://www.imdb.com/title/tt0115438/,movie
3477,tt0115862,2013-04-23,2013-04-23,,The Chamber,https://www.imdb.com/title/tt0115862/,movie
3478,tt0116322,2013-04-23,2013-04-23,,Flipper,https://www.imdb.com/title/tt0116322/,movie
3479,tt0117108,2013-04-23,2013-04-23,,Multiplicity,https://www.imdb.com/title/tt0117108/,movie
3480,tt0117110,2013-04-23,2013-04-23,,Muppet Treasure Island,https://www.imdb.com/title/tt0117110/,movie
3481,tt0114367,2013-04-23,2013-04-23,,Screamers,https://www.imdb.com/title/tt0114367/,movie
3482,tt0117038,2013-04-23,2013-04-23,,Michael,https://www.imdb.com/title/tt0117038/,movie
3483,tt0120008,2013-04-23,2013-04-23,,The Replacement Killers,https://www.imdb.com/title/tt0120008/,movie
3484,tt0120820,2013-04-23,2013-04-23,,Senseless,https://www.imdb.com/title/tt0120820/,movie
3485,tt0119594,2013-04-23,2013-04-23,,Twilight,https://www.imdb.com/title/tt0119594/,movie
3486,tt0120694,2013-04-23,2013-04-23,,Halloween H20: 20 Years Later,https://www.imdb.com/title/tt0120694/,movie
3487,tt0144168,2013-04-23,2013-04-23,,Dick,https://www.imdb.com/title/tt0144168/,movie
3488,tt0128278,2013-04-23,2013-04-23,,Instinct,https://www.imdb.com/title/tt0128278/,movie
3489,tt0196857,2013-04-23,2013-04-23,,Play It to the Bone,https://www.imdb.com/title/tt0196857/,movie
3490,tt0160916,2013-04-23,2013-04-23,,The Story of Us,https://www.imdb.com/title/tt0160916/,movie
3491,tt0133046,2013-04-23,2013-04-23,,Teaching Mrs. Tingle,https://www.imdb.com/title/tt0133046/,movie
3492,tt0186894,2013-04-23,2013-04-23,,Bounce,https://www.imdb.com/title/tt0186894/,movie
3493,tt0118589,2013-04-23,2013-04-23,,Glitter,https://www.imdb.com/title/tt0118589/,movie
3494,tt0186589,2013-04-23,2013-04-23,,Sugar & Spice,https://www.imdb.com/title/tt0186589/,movie
3495,tt0272207,2013-04-23,2013-04-23,,Narc,https://www.imdb.com/title/tt0272207/,movie
3496,tt0240900,2013-04-23,2013-04-23,,Slackers,https://www.imdb.com/title/tt0240900/,movie
3497,tt0283632,2013-04-23,2013-04-23,,They,https://www.imdb.com/title/tt0283632/,movie
3498,tt0309530,2013-04-23,2013-04-23,,Down with Love,https://www.imdb.com/title/tt0309530/,movie
3499,tt0388419,2013-04-23,2013-04-23,,Christmas with the Kranks,https://www.imdb.com/title/tt0388419/,movie
3500,tt0338512,2013-04-23,2013-04-23,,Deux frères,https://www.imdb.com/title/tt0338512/,movie
3501,tt0790604,2013-04-23,2013-04-23,,Deck the Halls,https://www.imdb.com/title/tt0790604/,movie
3502,tt0499554,2013-04-23,2013-04-23,,Reno 911!: Miami,https://www.imdb.com/title/tt0499554/,movie
3503,tt1047494,2013-04-23,2013-04-23,,Meet the Browns,https://www.imdb.com/title/tt1047494/,movie
3504,tt1046947,2013-04-23,2013-04-23,,Last Chance Harvey,https://www.imdb.com/title/tt1046947/,movie
3505,tt2062661,2013-04-23,2013-04-23,,Tape 407,https://www.imdb.com/title/tt2062661/,movie
3506,tt1300159,2013-04-23,2013-04-23,,Growth,https://www.imdb.com/title/tt1300159/,movie
3507,tt1563704,2013-04-23,2013-04-23,,Legendary,https://www.imdb.com/title/tt1563704/,movie
3508,tt1038685,2013-04-23,2013-04-23,,The King of Fighters,https://www.imdb.com/title/tt1038685/,movie
3509,tt1407049,2013-04-23,2013-04-23,,Altitude,https://www.imdb.com/title/tt1407049/,movie
3510,tt1196134,2013-04-23,2013-04-23,,Crazy on the Outside,https://www.imdb.com/title/tt1196134/,movie
3511,tt0940657,2013-04-23,2013-04-23,,Arthur et la vengeance de Maltazard,https://www.imdb.com/title/tt0940657/,movie
3512,tt1226232,2013-04-23,2013-04-23,,The Greatest,https://www.imdb.com/title/tt1226232/,movie
3513,tt1235807,2013-04-23,2013-04-23,,Stay Cool,https://www.imdb.com/title/tt1235807/,movie
3514,tt1031241,2013-04-23,2013-04-23,,From Time to Time,https://www.imdb.com/title/tt1031241/,movie
3515,tt1145157,2013-04-23,2013-04-23,,The Jerk Theory,https://www.imdb.com/title/tt1145157/,movie
3516,tt1119191,2013-04-23,2013-04-23,,The Killing Room,https://www.imdb.com/title/tt1119191/,movie
3517,tt0337876,2013-04-23,2013-04-23,,Birth,https://www.imdb.com/title/tt0337876/,movie
3518,tt0472050,2013-04-23,2013-04-23,,Bart Got a Room,https://www.imdb.com/title/tt0472050/,movie
3519,tt0811106,2013-04-23,2013-04-23,,The Ten,https://www.imdb.com/title/tt0811106/,movie
3520,tt0327643,2013-04-23,2013-04-23,,Dirty Love,https://www.imdb.com/title/tt0327643/,movie
3521,tt0411195,2013-04-23,2013-04-23,,Breakfast on Pluto,https://www.imdb.com/title/tt0411195/,movie
3522,tt0977214,2013-04-23,2013-04-23,,Hero Wanted,https://www.imdb.com/title/tt0977214/,movie
3523,tt0494277,2013-04-23,2013-04-23,,Strictly Sexual,https://www.imdb.com/title/tt0494277/,movie
3524,tt0783598,2013-04-23,2013-04-23,,Until Death,https://www.imdb.com/title/tt0783598/,movie
3525,tt0476958,2013-04-23,2013-04-23,,Amusement,https://www.imdb.com/title/tt0476958/,movie
3526,tt0361127,2013-04-23,2013-04-23,,The Woodsman,https://www.imdb.com/title/tt0361127/,movie
3527,tt0368563,2013-04-23,2013-04-23,,Possession,https://www.imdb.com/title/tt0368563/,movie
3528,tt1098356,2013-04-23,2013-04-23,,Long Weekend,https://www.imdb.com/title/tt1098356/,movie
3529,tt0437857,2013-04-23,2013-04-23,,Behind the Mask: The Rise of Leslie Vernon,https://www.imdb.com/title/tt0437857/,movie
3530,tt0343663,2013-04-23,2013-04-23,,Eros,https://www.imdb.com/title/tt0343663/,movie
3531,tt0480011,2013-04-23,2013-04-23,,Straightheads,https://www.imdb.com/title/tt0480011/,movie
3532,tt0453453,2013-04-23,2013-04-23,,Beer League,https://www.imdb.com/title/tt0453453/,movie
3533,tt0409011,2013-04-23,2013-04-23,,Love Wrecked,https://www.imdb.com/title/tt0409011/,movie
3534,tt0415856,2013-04-23,2013-04-23,,Hounddog,https://www.imdb.com/title/tt0415856/,movie
3535,tt0499603,2013-04-23,2013-04-23,,10 Items or Less,https://www.imdb.com/title/tt0499603/,movie
3536,tt0473267,2013-04-23,2013-04-23,,Solstice,https://www.imdb.com/title/tt0473267/,movie
3537,tt0235737,2013-04-23,2013-04-23,,The Salton Sea,https://www.imdb.com/title/tt0235737/,movie
3538,tt0265343,2013-04-23,2013-04-23,,Monsoon Wedding,https://www.imdb.com/title/tt0265343/,movie
3539,tt0318374,2013-04-23,2013-04-23,,The Cooler,https://www.imdb.com/title/tt0318374/,movie
3540,tt0120202,2013-04-23,2013-04-23,,State and Main,https://www.imdb.com/title/tt0120202/,movie
3541,tt0234137,2013-04-23,2013-04-23,,Love & Sex,https://www.imdb.com/title/tt0234137/,movie
3542,tt0160184,2013-04-23,2013-04-23,,D-Tox,https://www.imdb.com/title/tt0160184/,movie
3543,tt0119791,2013-04-23,2013-04-23,,Nightwatch,https://www.imdb.com/title/tt0119791/,movie
3544,tt0125678,2013-04-23,2013-04-23,,Bongwater,https://www.imdb.com/title/tt0125678/,movie
3545,tt0124179,2013-04-23,2013-04-23,,Two Girls and a Guy,https://www.imdb.com/title/tt0124179/,movie
3546,tt0116684,2013-04-23,2013-04-23,,Jane Eyre,https://www.imdb.com/title/tt0116684/,movie
3547,tt0166396,2013-04-23,2013-04-23,,Waking Ned,https://www.imdb.com/title/tt0166396/,movie
3548,tt0115640,2013-04-23,2013-04-23,,Beautiful Thing,https://www.imdb.com/title/tt0115640/,movie
3549,tt0124901,2013-04-23,2013-04-23,,Thursday,https://www.imdb.com/title/tt0124901/,movie
3550,tt0114134,2013-04-23,2013-04-23,,The Pillow Book,https://www.imdb.com/title/tt0114134/,movie
3551,tt0119670,2013-04-23,2013-04-23,,The Mighty,https://www.imdb.com/title/tt0119670/,movie
3552,tt0120376,2013-04-23,2013-04-23,,Trojan War,https://www.imdb.com/title/tt0120376/,movie
3553,tt0110200,2013-04-23,2013-04-23,,Jing wu ying xiong,https://www.imdb.com/title/tt0110200/,movie
3554,tt0109370,2013-04-23,2013-04-23,,Canadian Bacon,https://www.imdb.com/title/tt0109370/,movie
3555,tt0113819,2013-04-23,2013-04-23,,Mighty Aphrodite,https://www.imdb.com/title/tt0113819/,movie
3556,tt0118768,2013-04-23,2013-04-23,,The Brave,https://www.imdb.com/title/tt0118768/,movie
3557,tt0102343,2013-04-23,2013-04-23,,Love Potion No. 9,https://www.imdb.com/title/tt0102343/,movie
3558,tt0111201,2013-04-23,2013-04-23,,Sirens,https://www.imdb.com/title/tt0111201/,movie
3559,tt0090967,2013-04-23,2013-04-23,,Down by Law,https://www.imdb.com/title/tt0090967/,movie
3560,tt0089847,2013-04-23,2013-04-23,,The Protector,https://www.imdb.com/title/tt0089847/,movie
3561,tt0092618,2013-04-23,2013-04-23,,Barfly,https://www.imdb.com/title/tt0092618/,movie
3562,tt0089695,2013-04-23,2013-04-23,,"No Retreat, No Surrender",https://www.imdb.com/title/tt0089695/,movie
3563,tt0080365,2013-04-23,2013-04-23,,American Gigolo,https://www.imdb.com/title/tt0080365/,movie
3564,tt0080923,2013-04-23,2013-04-23,,Inferno,https://www.imdb.com/title/tt0080923/,movie
3565,tt0070016,2013-04-23,2013-04-23,,Charlotte's Web,https://www.imdb.com/title/tt0070016/,movie
3566,tt2338636,2013-04-23,2013-04-23,,American Undercover,https://www.imdb.com/title/tt2338636/,movie
3567,tt2495104,2013-04-23,2013-04-23,,Parts Per Billion,https://www.imdb.com/title/tt2495104/,movie
3568,tt1772264,2013-04-23,2013-04-23,,Eliza Graves,https://www.imdb.com/title/tt1772264/,movie
3569,tt1826590,2013-04-23,2013-04-23,,About Last Night,https://www.imdb.com/title/tt1826590/,movie
3570,tt2693664,2013-04-23,2013-04-23,,Young Ones,https://www.imdb.com/title/tt2693664/,movie
3571,tt1564777,2013-04-23,2013-04-23,,Fallen,https://www.imdb.com/title/tt1564777/,movie
3572,tt1043726,2013-04-23,2013-04-23,,The Legend of Hercules,https://www.imdb.com/title/tt1043726/,movie
3573,tt1312216,2013-04-23,2013-04-23,,The Creed of Violence,https://www.imdb.com/title/tt1312216/,movie
3574,tt0076257,2013-04-23,2013-04-23,,The Kentucky Fried Movie,https://www.imdb.com/title/tt0076257/,movie
3575,tt0077362,2013-04-23,2013-04-23,,Coming Home,https://www.imdb.com/title/tt0077362/,movie
3576,tt0078199,2013-04-23,2013-04-23,,"Same Time, Next Year",https://www.imdb.com/title/tt0078199/,movie
3577,tt0087089,2013-04-23,2013-04-23,,The Cotton Club,https://www.imdb.com/title/tt0087089/,movie
3578,tt0090103,2013-04-23,2013-04-23,,The Sure Thing,https://www.imdb.com/title/tt0090103/,movie
3579,tt0091278,2013-04-23,2013-04-23,,Iron Eagle,https://www.imdb.com/title/tt0091278/,movie
3580,tt0091877,2013-04-23,2013-04-23,,Ruthless People,https://www.imdb.com/title/tt0091877/,movie
3581,tt0095271,2013-04-23,2013-04-23,,Halloween 4: The Return of Michael Myers,https://www.imdb.com/title/tt0095271/,movie
3582,tt0095593,2013-04-23,2013-04-23,,Married to the Mob,https://www.imdb.com/title/tt0095593/,movie
3583,tt0099385,2013-04-23,2013-04-23,,Death Warrant,https://www.imdb.com/title/tt0099385/,movie
3584,tt0100135,2013-04-23,2013-04-23,,Men at Work,https://www.imdb.com/title/tt0100135/,movie
3585,tt0101545,2013-04-23,2013-04-23,,Career Opportunities,https://www.imdb.com/title/tt0101545/,movie
3586,tt0101329,2013-04-23,2013-04-23,,An American Tail: Fievel Goes West,https://www.imdb.com/title/tt0101329/,movie
3587,tt0102789,2013-04-23,2013-04-23,,Ricochet,https://www.imdb.com/title/tt0102789/,movie
3588,tt0109120,2013-04-23,2013-04-23,,Andre,https://www.imdb.com/title/tt0109120/,movie
3589,tt0109890,2013-04-23,2013-04-23,,The Getaway,https://www.imdb.com/title/tt0109890/,movie
3590,tt0110971,2013-04-23,2013-04-23,,Renaissance Man,https://www.imdb.com/title/tt0110971/,movie
3591,tt0112757,2013-04-23,2013-04-23,,The Cure,https://www.imdb.com/title/tt0112757/,movie
3592,tt0112857,2013-04-23,2013-04-23,,Devil in a Blue Dress,https://www.imdb.com/title/tt0112857/,movie
3593,tt0113041,2013-04-23,2013-04-23,,Father of the Bride Part II,https://www.imdb.com/title/tt0113041/,movie
3594,tt0115644,2013-04-23,2013-04-23,,Bed of Roses,https://www.imdb.com/title/tt0115644/,movie
3595,tt0116756,2013-04-23,2013-04-23,,Kazaam,https://www.imdb.com/title/tt0116756/,movie
3596,tt0123209,2013-04-23,2013-04-23,,The Other Sister,https://www.imdb.com/title/tt0123209/,movie
3597,tt0145893,2013-04-23,2013-04-23,,Simply Irresistible,https://www.imdb.com/title/tt0145893/,movie
3598,tt0174480,2013-04-23,2013-04-23,,Autumn in New York,https://www.imdb.com/title/tt0174480/,movie
3599,tt0208874,2013-04-23,2013-04-23,,The Contender,https://www.imdb.com/title/tt0208874/,movie
3600,tt0210234,2013-04-23,2013-04-23,,Gekijô-ban poketto monsutâ: Maboroshi no pokemon: Rugia bakutan,https://www.imdb.com/title/tt0210234/,movie
3601,tt0192111,2013-04-23,2013-04-23,,Head Over Heels,https://www.imdb.com/title/tt0192111/,movie
3602,tt0203755,2013-04-23,2013-04-23,,One Night at McCool's,https://www.imdb.com/title/tt0203755/,movie
3603,tt0283530,2013-04-23,2013-04-23,,The Emperor's Club,https://www.imdb.com/title/tt0283530/,movie
3604,tt0220506,2013-04-23,2013-04-23,,Halloween: Resurrection,https://www.imdb.com/title/tt0220506/,movie
3605,tt0313792,2013-04-23,2013-04-23,,Anything Else,https://www.imdb.com/title/tt0313792/,movie
3606,tt0365885,2013-04-23,2013-04-23,,The Upside of Anger,https://www.imdb.com/title/tt0365885/,movie
3607,tt0418647,2013-04-23,2013-04-23,,Dreamer: Inspired by a True Story,https://www.imdb.com/title/tt0418647/,movie
3608,tt0772178,2013-04-23,2013-04-23,,Kickin' It Old Skool,https://www.imdb.com/title/tt0772178/,movie
3609,tt1686018,2013-04-23,2013-04-23,,Creature,https://www.imdb.com/title/tt1686018/,movie
3610,tt1821641,2013-04-23,2013-04-23,,The Congress,https://www.imdb.com/title/tt1821641/,movie
3611,tt2147365,2013-04-23,2013-04-23,,Keith Lemon: The Film,https://www.imdb.com/title/tt2147365/,movie
3612,tt1560139,2013-04-23,2013-04-23,,Boy,https://www.imdb.com/title/tt1560139/,movie
3613,tt1263800,2013-04-23,2013-04-23,,Hole in One,https://www.imdb.com/title/tt1263800/,movie
3614,tt1457766,2013-04-23,2013-04-23,,The Kings of Mykonos,https://www.imdb.com/title/tt1457766/,movie
3615,tt1270291,2013-04-23,2013-04-23,,Hunter Prey,https://www.imdb.com/title/tt1270291/,movie
3616,tt1270835,2013-04-23,2013-04-23,,Hatchet II,https://www.imdb.com/title/tt1270835/,movie
3617,tt1438534,2013-04-23,2013-04-23,,Primal,https://www.imdb.com/title/tt1438534/,movie
3618,tt0348593,2013-04-23,2013-04-23,,The Door in the Floor,https://www.imdb.com/title/tt0348593/,movie
3619,tt0783238,2013-04-23,2013-04-23,,The Dead Girl,https://www.imdb.com/title/tt0783238/,movie
3620,tt0386504,2013-04-23,2013-04-23,,Haven,https://www.imdb.com/title/tt0386504/,movie
3621,tt0475380,2013-04-23,2013-04-23,,Scenes of a Sexual Nature,https://www.imdb.com/title/tt0475380/,movie
3622,tt0398027,2013-04-23,2013-04-23,,Down in the Valley,https://www.imdb.com/title/tt0398027/,movie
3623,tt0406650,2013-04-23,2013-04-23,,The Chumscrubber,https://www.imdb.com/title/tt0406650/,movie
3624,tt0371552,2013-04-23,2013-04-23,,Astérix et les Vikings,https://www.imdb.com/title/tt0371552/,movie
3625,tt0758743,2013-04-23,2013-04-23,,Dirty Sanchez: The Movie,https://www.imdb.com/title/tt0758743/,movie
3626,tt0822868,2013-04-23,2013-04-23,,Make It Happen,https://www.imdb.com/title/tt0822868/,movie
3627,tt0450972,2013-04-23,2013-04-23,,As You Like It,https://www.imdb.com/title/tt0450972/,movie
3628,tt0159784,2013-04-23,2013-04-23,,Takedown,https://www.imdb.com/title/tt0159784/,movie
3629,tt0368667,2013-04-23,2013-04-23,,Interstella 5555: The 5tory of the 5ecret 5tar 5ystem,https://www.imdb.com/title/tt0368667/,movie
3630,tt0264508,2013-04-23,2013-04-23,,Dagon,https://www.imdb.com/title/tt0264508/,movie
3631,tt0314412,2013-04-23,2013-04-23,,My Life Without Me,https://www.imdb.com/title/tt0314412/,movie
3632,tt0206917,2013-04-23,2013-04-23,,The Man Who Cried,https://www.imdb.com/title/tt0206917/,movie
3633,tt0117496,2013-04-23,2013-04-23,,Robinson Crusoe,https://www.imdb.com/title/tt0117496/,movie
3634,tt0116905,2013-04-23,2013-04-23,,Lone Star,https://www.imdb.com/title/tt0116905/,movie
3635,tt0110308,2013-04-23,2013-04-23,,The Last Seduction,https://www.imdb.com/title/tt0110308/,movie
3636,tt0116353,2013-04-23,2013-04-23,,Foxfire,https://www.imdb.com/title/tt0116353/,movie
3637,tt0117350,2013-04-23,2013-04-23,,Plump Fiction,https://www.imdb.com/title/tt0117350/,movie
3638,tt0118623,2013-04-23,2013-04-23,,Anna Karenina,https://www.imdb.com/title/tt0118623/,movie
3639,tt0109723,2013-04-23,2013-04-23,,Embrace of the Vampire,https://www.imdb.com/title/tt0109723/,movie
3640,tt0101268,2013-04-23,2013-04-23,,Across the Tracks,https://www.imdb.com/title/tt0101268/,movie
3641,tt0102915,2013-04-23,2013-04-23,,Showdown in Little Tokyo,https://www.imdb.com/title/tt0102915/,movie
3642,tt0100685,2013-04-23,2013-04-23,,State of Grace,https://www.imdb.com/title/tt0100685/,movie
3643,tt0095348,2013-04-23,2013-04-23,,I'm Gonna Git You Sucka,https://www.imdb.com/title/tt0095348/,movie
3644,tt0090670,2013-04-23,2013-04-23,,At Close Range,https://www.imdb.com/title/tt0090670/,movie
3645,tt0077300,2013-04-23,2013-04-23,,Carry on Emmannuelle,https://www.imdb.com/title/tt0077300/,movie
3646,tt1408253,2013-04-23,2013-04-23,,Ride Along,https://www.imdb.com/title/tt1408253/,movie
3647,tt1291570,2013-04-23,2013-04-23,,Solace,https://www.imdb.com/title/tt1291570/,movie
3648,tt2398249,2013-04-23,2013-04-23,,They Came Together,https://www.imdb.com/title/tt2398249/,movie
3649,tt2639254,2013-04-23,2013-04-23,,A Little Chaos,https://www.imdb.com/title/tt2639254/,movie
3650,tt2494362,2013-04-23,2013-04-23,,Bone Tomahawk,https://www.imdb.com/title/tt2494362/,movie
3651,tt0068931,2013-04-23,2013-04-23,,The Mechanic,https://www.imdb.com/title/tt0068931/,movie
3652,tt0073076,2013-04-23,2013-04-23,,Grey Gardens,https://www.imdb.com/title/tt0073076/,movie
3653,tt0071994,2013-04-23,2013-04-23,,Phantom of the Paradise,https://www.imdb.com/title/tt0071994/,movie
3654,tt0070358,2013-04-23,2013-04-23,,Malizia,https://www.imdb.com/title/tt0070358/,movie
3655,tt0075265,2013-04-23,2013-04-23,,A Star Is Born,https://www.imdb.com/title/tt0075265/,movie
3656,tt0074559,2013-04-23,2013-04-23,,Futureworld,https://www.imdb.com/title/tt0074559/,movie
3657,tt0074806,2013-04-23,2013-04-23,,The Little Girl Who Lives Down the Lane,https://www.imdb.com/title/tt0074806/,movie
3658,tt0075163,2013-04-23,2013-04-23,,Salon Kitty,https://www.imdb.com/title/tt0075163/,movie
3659,tt0075213,2013-04-23,2013-04-23,,The Shootist,https://www.imdb.com/title/tt0075213/,movie
3660,tt0076009,2013-04-23,2013-04-23,,Exorcist II: The Heretic,https://www.imdb.com/title/tt0076009/,movie
3661,tt0076451,2013-04-23,2013-04-23,,"New York, New York",https://www.imdb.com/title/tt0076451/,movie
3662,tt0076740,2013-04-23,2013-04-23,,Sorcerer,https://www.imdb.com/title/tt0076740/,movie
3663,tt0075968,2013-04-23,2013-04-23,,The Duellists,https://www.imdb.com/title/tt0075968/,movie
3664,tt0077531,2013-04-23,2013-04-23,,F.I.S.T,https://www.imdb.com/title/tt0077531/,movie
3665,tt0081071,2013-04-23,2013-04-23,,The Long Riders,https://www.imdb.com/title/tt0081071/,movie
3666,tt0077294,2013-04-23,2013-04-23,,Capricorn One,https://www.imdb.com/title/tt0077294/,movie
3667,tt0077413,2013-04-23,2013-04-23,,Death on the Nile,https://www.imdb.com/title/tt0077413/,movie
3668,tt0077394,2013-04-23,2013-04-23,,Damien: Omen II,https://www.imdb.com/title/tt0077394/,movie
3669,tt0078966,2013-04-23,2013-04-23,,The China Syndrome,https://www.imdb.com/title/tt0078966/,movie
3670,tt0078950,2013-04-23,2013-04-23,,The Champ,https://www.imdb.com/title/tt0078950/,movie
3671,tt0079638,2013-04-23,2013-04-23,,Norma Rae,https://www.imdb.com/title/tt0079638/,movie
3672,tt0085894,2013-04-23,2013-04-23,,The Man with Two Brains,https://www.imdb.com/title/tt0085894/,movie
3673,tt0087032,2013-04-23,2013-04-23,,Cannonball Run II,https://www.imdb.com/title/tt0087032/,movie
3674,tt0089017,2013-04-23,2013-04-23,,Desperately Seeking Susan,https://www.imdb.com/title/tt0089017/,movie
3675,tt0089730,2013-04-23,2013-04-23,,Once Bitten,https://www.imdb.com/title/tt0089730/,movie
3676,tt0089981,2013-04-23,2013-04-23,,Secret Admirer,https://www.imdb.com/title/tt0089981/,movie
3677,tt0090655,2013-04-23,2013-04-23,,April Fool's Day,https://www.imdb.com/title/tt0090655/,movie
3678,tt0091799,2013-04-23,2013-04-23,,Psycho III,https://www.imdb.com/title/tt0091799/,movie
3679,tt0091993,2013-04-23,2013-04-23,,SpaceCamp,https://www.imdb.com/title/tt0091993/,movie
3680,tt0092796,2013-04-23,2013-04-23,,Creepshow 2,https://www.imdb.com/title/tt0092796/,movie
3681,tt0093036,2013-04-23,2013-04-23,,Flowers in the Attic,https://www.imdb.com/title/tt0093036/,movie
3682,tt0093185,2013-04-23,2013-04-23,,The Hidden,https://www.imdb.com/title/tt0093185/,movie
3683,tt0093737,2013-04-23,2013-04-23,,The Pick-up Artist,https://www.imdb.com/title/tt0093737/,movie
3684,tt0094631,2013-04-23,2013-04-23,,Alien Nation,https://www.imdb.com/title/tt0094631/,movie
3685,tt0095088,2013-04-23,2013-04-23,,Elvira: Mistress of the Dark,https://www.imdb.com/title/tt0095088/,movie
3686,tt0095889,2013-04-23,2013-04-23,,Poltergeist III,https://www.imdb.com/title/tt0095889/,movie
3687,tt0098966,2013-04-23,2013-04-23,,3 Men and a Little Lady,https://www.imdb.com/title/tt0098966/,movie
3688,tt0099044,2013-04-23,2013-04-23,,Another 48 Hrs.,https://www.imdb.com/title/tt0099044/,movie
3689,tt0100050,2013-04-23,2013-04-23,,Look Who's Talking Too,https://www.imdb.com/title/tt0100050/,movie
3690,tt0100232,2013-04-23,2013-04-23,,Navy Seals,https://www.imdb.com/title/tt0100232/,movie
3691,tt0102713,2013-04-23,2013-04-23,,The Prince of Tides,https://www.imdb.com/title/tt0102713/,movie
3692,tt0102900,2013-04-23,2013-04-23,,Shattered,https://www.imdb.com/title/tt0102900/,movie
3693,tt0104265,2013-04-23,2013-04-23,,Final Analysis,https://www.imdb.com/title/tt0104265/,movie
3694,tt0104299,2013-04-23,2013-04-23,,Freejack,https://www.imdb.com/title/tt0104299/,movie
3695,tt0104438,2013-04-23,2013-04-23,,Honeymoon in Vegas,https://www.imdb.com/title/tt0104438/,movie
3696,tt0105191,2013-04-23,2013-04-23,,Pure Country,https://www.imdb.com/title/tt0105191/,movie
3697,tt0102802,2013-04-23,2013-04-23,,Rock-A-Doodle,https://www.imdb.com/title/tt0102802/,movie
3698,tt0106627,2013-04-23,2013-04-23,,The Crush,https://www.imdb.com/title/tt0106627/,movie
3699,tt0106664,2013-04-23,2013-04-23,,The Dark Half,https://www.imdb.com/title/tt0106664/,movie
3700,tt0107478,2013-04-23,2013-04-23,,Made in America,https://www.imdb.com/title/tt0107478/,movie
3701,tt0106881,2013-04-23,2013-04-23,,Fearless,https://www.imdb.com/title/tt0106881/,movie
3702,tt0107091,2013-04-23,2013-04-23,,Heart and Souls,https://www.imdb.com/title/tt0107091/,movie
3703,tt0107611,2013-04-23,2013-04-23,,Mr. Jones,https://www.imdb.com/title/tt0107611/,movie
3704,tt0105616,2013-04-23,2013-04-23,,Tom and Jerry: The Movie,https://www.imdb.com/title/tt0105616/,movie
3705,tt0109758,2013-04-23,2013-04-23,,Exit to Eden,https://www.imdb.com/title/tt0109758/,movie
3706,tt0110099,2013-04-23,2013-04-23,,I.Q.,https://www.imdb.com/title/tt0110099/,movie
3707,tt0110678,2013-04-23,2013-04-23,,No Escape,https://www.imdb.com/title/tt0110678/,movie
3708,tt0110759,2013-04-23,2013-04-23,,PCU,https://www.imdb.com/title/tt0110759/,movie
3709,tt0110907,2013-04-23,2013-04-23,,Prêt-à-Porter,https://www.imdb.com/title/tt0110907/,movie
3710,tt0110955,2013-04-23,2013-04-23,,The Ref,https://www.imdb.com/title/tt0110955/,movie
3711,tt0114608,2013-04-23,2013-04-23,,Tales from the Crypt: Demon Knight,https://www.imdb.com/title/tt0114608/,movie
3712,tt0113936,2013-04-23,2013-04-23,,Senior Trip,https://www.imdb.com/title/tt0113936/,movie
3713,tt0114496,2013-04-23,2013-04-23,,Something to Talk About,https://www.imdb.com/title/tt0114496/,movie
3714,tt0116324,2013-04-23,2013-04-23,,Flirting with Disaster,https://www.imdb.com/title/tt0116324/,movie
3715,tt0116421,2013-04-23,2013-04-23,,The Glimmer Man,https://www.imdb.com/title/tt0116421/,movie
3716,tt0116493,2013-04-23,2013-04-23,,Harriet the Spy,https://www.imdb.com/title/tt0116493/,movie
3717,tt0117372,2013-04-23,2013-04-23,,The Preacher's Wife,https://www.imdb.com/title/tt0117372/,movie
3718,tt0118604,2013-04-23,2013-04-23,,An American Werewolf in Paris,https://www.imdb.com/title/tt0118604/,movie
3719,tt0120169,2013-04-23,2013-04-23,,Soul Food,https://www.imdb.com/title/tt0120169/,movie
3720,tt0120742,2013-04-23,2013-04-23,,Major League: Back to the Minors,https://www.imdb.com/title/tt0120742/,movie
3721,tt0119942,2013-04-23,2013-04-23,,Primary Colors,https://www.imdb.com/title/tt0119942/,movie
3722,tt0124595,2013-04-23,2013-04-23,,Return to Paradise,https://www.imdb.com/title/tt0124595/,movie
3723,tt0134067,2013-04-23,2013-04-23,,The Rugrats Movie,https://www.imdb.com/title/tt0134067/,movie
3724,tt0137338,2013-04-23,2013-04-23,,200 Cigarettes,https://www.imdb.com/title/tt0137338/,movie
3725,tt0149691,2013-04-23,2013-04-23,,Anywhere But Here,https://www.imdb.com/title/tt0149691/,movie
3726,tt0144814,2013-04-23,2013-04-23,,The Rage: Carrie 2,https://www.imdb.com/title/tt0144814/,movie
3727,tt0120458,2013-04-23,2013-04-23,,Virus,https://www.imdb.com/title/tt0120458/,movie
3728,tt0217756,2013-04-23,2013-04-23,,Ready to Rumble,https://www.imdb.com/title/tt0217756/,movie
3729,tt0131704,2013-04-23,2013-04-23,,The Adventures of Rocky & Bullwinkle,https://www.imdb.com/title/tt0131704/,movie
3730,tt0211938,2013-04-23,2013-04-23,,Bait,https://www.imdb.com/title/tt0211938/,movie
3731,tt0205271,2013-04-23,2013-04-23,,Dr. T & the Women,https://www.imdb.com/title/tt0205271/,movie
3732,tt0204626,2013-04-23,2013-04-23,,The Watcher,https://www.imdb.com/title/tt0204626/,movie
3733,tt0240462,2013-04-23,2013-04-23,,Dr. Dolittle 2,https://www.imdb.com/title/tt0240462/,movie
3734,tt0190524,2013-04-23,2013-04-23,,Left Behind,https://www.imdb.com/title/tt0190524/,video
3735,tt0242998,2013-04-23,2013-04-23,,Valentine,https://www.imdb.com/title/tt0242998/,movie
3736,tt0267248,2013-04-23,2013-04-23,,Abandon,https://www.imdb.com/title/tt0267248/,movie
3737,tt0278295,2013-04-23,2013-04-23,,All About the Benjamins,https://www.imdb.com/title/tt0278295/,movie
3738,tt0246464,2013-04-23,2013-04-23,,Big Trouble,https://www.imdb.com/title/tt0246464/,movie
3739,tt0231448,2013-04-23,2013-04-23,,Deuces Wild,https://www.imdb.com/title/tt0231448/,movie
3740,tt0282687,2013-04-23,2013-04-23,,Life or Something Like It,https://www.imdb.com/title/tt0282687/,movie
3741,tt0319524,2013-04-23,2013-04-23,,How to Deal,https://www.imdb.com/title/tt0319524/,movie
3742,tt0314786,2013-04-23,2013-04-23,,The In-Laws,https://www.imdb.com/title/tt0314786/,movie
3743,tt0339412,2013-04-23,2013-04-23,,Mr 3000,https://www.imdb.com/title/tt0339412/,movie
3744,tt0361925,2013-04-23,2013-04-23,,Welcome to Mooseport,https://www.imdb.com/title/tt0361925/,movie
3745,tt0407121,2013-04-23,2013-04-23,,Pooh's Heffalump Movie,https://www.imdb.com/title/tt0407121/,movie
3746,tt0343996,2013-04-23,2013-04-23,,The Lost City,https://www.imdb.com/title/tt0343996/,movie
3747,tt0488658,2013-04-23,2013-04-23,,Unaccompanied Minors,https://www.imdb.com/title/tt0488658/,movie
3748,tt0462244,2013-04-23,2013-04-23,,Daddy Day Camp,https://www.imdb.com/title/tt0462244/,movie
3749,tt1190617,2013-04-23,2013-04-23,,An American Carol,https://www.imdb.com/title/tt1190617/,movie
3750,tt2359137,2013-04-23,2013-04-23,,Last Ounce of Courage,https://www.imdb.com/title/tt2359137/,movie
3751,tt2366450,2013-04-23,2013-04-23,,Stories We Tell,https://www.imdb.com/title/tt2366450/,movie
3752,tt1560978,2013-04-23,2013-04-23,,Rogue River,https://www.imdb.com/title/tt1560978/,movie
3753,tt1879012,2013-04-23,2013-04-23,,Night of the Living Dead 3D: Re-Animation,https://www.imdb.com/title/tt1879012/,movie
3754,tt2063011,2013-04-23,2013-04-23,,Jik zin,https://www.imdb.com/title/tt2063011/,movie
3755,tt1212454,2013-04-23,2013-04-23,,An Invisible Sign,https://www.imdb.com/title/tt1212454/,movie
3756,tt1398428,2013-04-23,2013-04-23,,YellowBrickRoad,https://www.imdb.com/title/tt1398428/,movie
3757,tt1533084,2013-04-23,2013-04-23,,The Traveler,https://www.imdb.com/title/tt1533084/,movie
3758,tt1273241,2013-04-23,2013-04-23,,Brotherhood,https://www.imdb.com/title/tt1273241/,movie
3759,tt0888693,2013-04-23,2013-04-23,,Sleepwalking,https://www.imdb.com/title/tt0888693/,movie
3760,tt0462219,2013-04-23,2013-04-23,,Camille,https://www.imdb.com/title/tt0462219/,movie
3761,tt0870204,2013-04-23,2013-04-23,,Boot Camp,https://www.imdb.com/title/tt0870204/,movie
3762,tt0378947,2013-04-23,2013-04-23,,Melinda and Melinda,https://www.imdb.com/title/tt0378947/,movie
3763,tt0488988,2013-04-23,2013-04-23,,Chapter 27,https://www.imdb.com/title/tt0488988/,movie
3764,tt0471030,2013-04-23,2013-04-23,,Red Road,https://www.imdb.com/title/tt0471030/,movie
3765,tt0926063,2013-04-23,2013-04-23,,Dance of the Dead,https://www.imdb.com/title/tt0926063/,movie
3766,tt1064744,2013-04-23,2013-04-23,,Dying Breed,https://www.imdb.com/title/tt1064744/,movie
3767,tt0443435,2013-04-23,2013-04-23,,Autopsy,https://www.imdb.com/title/tt0443435/,movie
3768,tt0479341,2013-04-23,2013-04-23,,Adam Resurrected,https://www.imdb.com/title/tt0479341/,movie
3769,tt1152850,2013-04-23,2013-04-23,,Wendy and Lucy,https://www.imdb.com/title/tt1152850/,movie
3770,tt0359423,2013-04-23,2013-04-23,,A Home at the End of the World,https://www.imdb.com/title/tt0359423/,movie
3771,tt0445935,2013-04-23,2013-04-23,,Bordertown,https://www.imdb.com/title/tt0445935/,movie
3772,tt0340012,2013-04-23,2013-04-23,,Being Julia,https://www.imdb.com/title/tt0340012/,movie
3773,tt0409184,2013-04-23,2013-04-23,,Les poupées russes,https://www.imdb.com/title/tt0409184/,movie
3774,tt1029120,2013-04-23,2013-04-23,,Henry Poole Is Here,https://www.imdb.com/title/tt1029120/,movie
3775,tt0488380,2013-04-23,2013-04-23,,Closing the Ring,https://www.imdb.com/title/tt0488380/,movie
3776,tt0409034,2013-04-23,2013-04-23,,Marilyn Hotchkiss' Ballroom Dancing & Charm School,https://www.imdb.com/title/tt0409034/,movie
3777,tt1034325,2013-04-23,2013-04-23,,Phoebe in Wonderland,https://www.imdb.com/title/tt1034325/,movie
3778,tt0865297,2013-04-23,2013-04-23,,The Black Balloon,https://www.imdb.com/title/tt0865297/,movie
3779,tt0428541,2013-04-23,2013-04-23,,Five Fingers,https://www.imdb.com/title/tt0428541/,movie
3780,tt0384814,2013-04-23,2013-04-23,,Ask the Dust,https://www.imdb.com/title/tt0384814/,movie
3781,tt0236784,2013-04-23,2013-04-23,,The Tailor of Panama,https://www.imdb.com/title/tt0236784/,movie
3782,tt0171359,2013-04-23,2013-04-23,,Hamlet,https://www.imdb.com/title/tt0171359/,movie
3783,tt0289635,2013-04-23,2013-04-23,,Young Adam,https://www.imdb.com/title/tt0289635/,movie
3784,tt0221889,2013-04-23,2013-04-23,,Beautiful Creatures,https://www.imdb.com/title/tt0221889/,movie
3785,tt0265651,2013-04-23,2013-04-23,,Ripley's Game,https://www.imdb.com/title/tt0265651/,movie
3786,tt0208196,2013-04-23,2013-04-23,,Happy Accidents,https://www.imdb.com/title/tt0208196/,movie
3787,tt0321442,2013-04-23,2013-04-23,,The Big Empty,https://www.imdb.com/title/tt0321442/,movie
3788,tt0252299,2013-04-23,2013-04-23,,Buffalo Soldiers,https://www.imdb.com/title/tt0252299/,movie
3789,tt0280760,2013-04-23,2013-04-23,,Igby Goes Down,https://www.imdb.com/title/tt0280760/,movie
3790,tt0274711,2013-04-23,2013-04-23,,People I Know,https://www.imdb.com/title/tt0274711/,movie
3791,tt0119004,2013-04-23,2013-04-23,,Don's Plum,https://www.imdb.com/title/tt0119004/,movie
3792,tt0362511,2013-04-23,2013-04-23,,Dorm Daze,https://www.imdb.com/title/tt0362511/,movie
3793,tt0273982,2013-04-23,2013-04-23,,Poolhall Junkies,https://www.imdb.com/title/tt0273982/,movie
3794,tt0305973,2013-04-23,2013-04-23,,Sonny,https://www.imdb.com/title/tt0305973/,movie
3795,tt0271259,2013-04-23,2013-04-23,,Welcome to Collinwood,https://www.imdb.com/title/tt0271259/,movie
3796,tt0273689,2013-04-23,2013-04-23,,It's All About Love,https://www.imdb.com/title/tt0273689/,movie
3797,tt0242888,2013-04-23,2013-04-23,,The Sleeping Dictionary,https://www.imdb.com/title/tt0242888/,movie
3798,tt0132910,2013-04-23,2013-04-23,,The Crow: Salvation,https://www.imdb.com/title/tt0132910/,movie
3799,tt0313680,2013-04-23,2013-04-23,,Tarzan & Jane,https://www.imdb.com/title/tt0313680/,video
3800,tt0302674,2013-04-23,2013-04-23,,Gerry,https://www.imdb.com/title/tt0302674/,movie
3801,tt0116722,2013-04-23,2013-04-23,,Jude,https://www.imdb.com/title/tt0116722/,movie
3802,tt0109348,2013-04-23,2013-04-23,,Bullets Over Broadway,https://www.imdb.com/title/tt0109348/,movie
3803,tt0119227,2013-04-23,2013-04-23,,Snow White: A Tale of Terror,https://www.imdb.com/title/tt0119227/,movie
3804,tt0111218,2013-04-23,2013-04-23,,Sleep with Me,https://www.imdb.com/title/tt0111218/,movie
3805,tt0118111,2013-04-23,2013-04-23,,Waiting for Guffman,https://www.imdb.com/title/tt0118111/,movie
3806,tt0115744,2013-04-23,2013-04-23,,Brassed Off,https://www.imdb.com/title/tt0115744/,movie
3807,tt0113537,2013-04-23,2013-04-23,,Kicking and Screaming,https://www.imdb.com/title/tt0113537/,movie
3808,tt0117589,2013-04-23,2013-04-23,,Secrets & Lies,https://www.imdb.com/title/tt0117589/,movie
3809,tt0117364,2013-04-23,2013-04-23,,The Portrait of a Lady,https://www.imdb.com/title/tt0117364/,movie
3810,tt0115781,2013-04-23,2013-04-23,,Bullet,https://www.imdb.com/title/tt0115781/,movie
3811,tt0111127,2013-04-23,2013-04-23,,Serial Mom,https://www.imdb.com/title/tt0111127/,movie
3812,tt0147004,2013-04-23,2013-04-23,,Little Voice,https://www.imdb.com/title/tt0147004/,movie
3813,tt0114478,2013-04-23,2013-04-23,,Smoke,https://www.imdb.com/title/tt0114478/,movie
3814,tt0120728,2013-04-23,2013-04-23,,The Last Days of Disco,https://www.imdb.com/title/tt0120728/,movie
3815,tt0104609,2013-04-23,2013-04-23,,Kickboxer 3: The Art of War,https://www.imdb.com/title/tt0104609/,movie
3816,tt0097858,2013-04-23,2013-04-23,,Meet the Feebles,https://www.imdb.com/title/tt0097858/,movie
3817,tt0108065,2013-04-23,2013-04-23,,Searching for Bobby Fischer,https://www.imdb.com/title/tt0108065/,movie
3818,tt0097965,2013-04-23,2013-04-23,,New York Stories,https://www.imdb.com/title/tt0097965/,movie
3819,tt0089839,2013-04-23,2013-04-23,,Private Resort,https://www.imdb.com/title/tt0089839/,movie
3820,tt0094750,2013-04-23,2013-04-23,,Black Eagle,https://www.imdb.com/title/tt0094750/,movie
3821,tt0098577,2013-04-23,2013-04-23,,Vampire's Kiss,https://www.imdb.com/title/tt0098577/,movie
3822,tt0095655,2013-04-23,2013-04-23,,Moonwalker,https://www.imdb.com/title/tt0095655/,movie
3823,tt0090830,2013-04-23,2013-04-23,,Children of a Lesser God,https://www.imdb.com/title/tt0090830/,movie
3824,tt0081070,2013-04-23,2013-04-23,,The Long Good Friday,https://www.imdb.com/title/tt0081070/,movie
3825,tt0080437,2013-04-23,2013-04-23,,The Big Red One,https://www.imdb.com/title/tt0080437/,movie
3826,tt0085271,2013-04-23,2013-04-23,,Brainstorm,https://www.imdb.com/title/tt0085271/,movie
3827,tt0082948,2013-04-23,2013-04-23,,Private Lessons,https://www.imdb.com/title/tt0082948/,movie
3828,tt0071650,2013-04-23,2013-04-23,,Ilsa: She Wolf of the SS,https://www.imdb.com/title/tt0071650/,movie
3829,tt2667960,2013-04-23,2013-04-23,,Miss Julie,https://www.imdb.com/title/tt2667960/,movie
3830,tt2752688,2013-04-23,2013-04-23,,Rosewater,https://www.imdb.com/title/tt2752688/,movie
3831,tt2558568,2013-04-23,2013-04-23,,Infinity: Chronicles of Nick,https://www.imdb.com/title/tt2558568/,movie
3832,tt0073692,2013-04-23,2013-04-23,,Shampoo,https://www.imdb.com/title/tt0073692/,movie
3833,tt0073440,2013-04-23,2013-04-23,,Nashville,https://www.imdb.com/title/tt0073440/,movie
3834,tt0073312,2013-04-23,2013-04-23,,Love and Death,https://www.imdb.com/title/tt0073312/,movie
3835,tt0073747,2013-04-23,2013-04-23,,The Stepford Wives,https://www.imdb.com/title/tt0073747/,movie
3836,tt0071910,2013-04-23,2013-04-23,,Il portiere di notte,https://www.imdb.com/title/tt0071910/,movie
3837,tt0071115,2013-04-23,2013-04-23,,Alice Doesn't Live Here Anymore,https://www.imdb.com/title/tt0071115/,movie
3838,tt0070290,2013-04-23,2013-04-23,,The Last Detail,https://www.imdb.com/title/tt0070290/,movie
3839,tt0070294,2013-04-23,2013-04-23,,The Legend of Hell House,https://www.imdb.com/title/tt0070294/,movie
3840,tt0073582,2013-04-23,2013-04-23,,Profondo rosso,https://www.imdb.com/title/tt0073582/,movie
3841,tt0074777,2013-04-23,2013-04-23,,The Last Tycoon,https://www.imdb.com/title/tt0074777/,movie
3842,tt0075824,2013-04-23,2013-04-23,,Cet obscur objet du désir,https://www.imdb.com/title/tt0075824/,movie
3843,tt0077838,2013-04-23,2013-04-23,,The Last Waltz,https://www.imdb.com/title/tt0077838/,movie
3844,tt0081375,2013-04-23,2013-04-23,,Private Benjamin,https://www.imdb.com/title/tt0081375/,movie
3845,tt0082288,2013-04-23,2013-04-23,,Dragonslayer,https://www.imdb.com/title/tt0082288/,movie
3846,tt0078492,2013-04-23,2013-04-23,,The Wild Geese,https://www.imdb.com/title/tt0078492/,movie
3847,tt0079641,2013-04-23,2013-04-23,,Nosferatu: Phantom der Nacht,https://www.imdb.com/title/tt0079641/,movie
3848,tt0083642,2013-04-23,2013-04-23,,The Best Little Whorehouse in Texas,https://www.imdb.com/title/tt0083642/,movie
3849,tt0085636,2013-04-23,2013-04-23,,Halloween III: Season of the Witch,https://www.imdb.com/title/tt0085636/,movie
3850,tt0085255,2013-04-23,2013-04-23,,Blue Thunder,https://www.imdb.com/title/tt0085255/,movie
3851,tt0086129,2013-04-23,2013-04-23,,Porky's II: The Next Day,https://www.imdb.com/title/tt0086129/,movie
3852,tt0087175,2013-04-23,2013-04-23,,Dreamscape,https://www.imdb.com/title/tt0087175/,movie
3853,tt0087810,2013-04-23,2013-04-23,,No Small Affair,https://www.imdb.com/title/tt0087810/,movie
3854,tt0088708,2013-04-23,2013-04-23,,American Ninja,https://www.imdb.com/title/tt0088708/,movie
3855,tt0088915,2013-04-23,2013-04-23,,A Chorus Line,https://www.imdb.com/title/tt0088915/,movie
3856,tt0089173,2013-04-23,2013-04-23,,Friday the 13th: A New Beginning,https://www.imdb.com/title/tt0089173/,movie
3857,tt0089470,2013-04-23,2013-04-23,,The Legend of Billie Jean,https://www.imdb.com/title/tt0089470/,movie
3858,tt0089941,2013-04-23,2013-04-23,,Runaway Train,https://www.imdb.com/title/tt0089941/,movie
3859,tt0091188,2013-04-23,2013-04-23,,Heartburn,https://www.imdb.com/title/tt0091188/,movie
3860,tt0091080,2013-04-23,2013-04-23,,Friday the 13th Part VI: Jason Lives,https://www.imdb.com/title/tt0091080/,movie
3861,tt0092115,2013-04-23,2013-04-23,,Troll,https://www.imdb.com/title/tt0092115/,movie
3862,tt0094025,2013-04-23,2013-04-23,,Stakeout,https://www.imdb.com/title/tt0094025/,movie
3863,tt0097322,2013-04-23,2013-04-23,,The Fabulous Baker Boys,https://www.imdb.com/title/tt0097322/,movie
3864,tt0097474,2013-04-23,2013-04-23,,Halloween 5: The Revenge of Michael Myers,https://www.imdb.com/title/tt0097474/,movie
3865,tt0097790,2013-04-23,2013-04-23,,Loverboy,https://www.imdb.com/title/tt0097790/,movie
3866,tt0096071,2013-04-23,2013-04-23,,The Serpent and the Rainbow,https://www.imdb.com/title/tt0096071/,movie
3867,tt0096073,2013-04-23,2013-04-23,,The Seventh Sign,https://www.imdb.com/title/tt0096073/,movie
3868,tt0098625,2013-04-23,2013-04-23,,We're No Angels,https://www.imdb.com/title/tt0098625/,movie
3869,tt0098987,2013-04-23,2013-04-23,,The Adventures of Ford Fairlane,https://www.imdb.com/title/tt0098987/,movie
3870,tt0097125,2013-04-23,2013-04-23,,Criminal Law,https://www.imdb.com/title/tt0097125/,movie
3871,tt0098105,2013-04-23,2013-04-23,,Police Academy 6: City Under Siege,https://www.imdb.com/title/tt0098105/,movie
3872,tt0100201,2013-04-23,2013-04-23,,Mr. Destiny,https://www.imdb.com/title/tt0100201/,movie
3873,tt0100260,2013-04-23,2013-04-23,,Nightbreed,https://www.imdb.com/title/tt0100260/,movie
3874,tt0101831,2013-04-23,2013-04-23,,Eve of Destruction,https://www.imdb.com/title/tt0101831/,movie
3875,tt0102250,2013-04-23,2013-04-23,,L.A. Story,https://www.imdb.com/title/tt0102250/,movie
3876,tt0101453,2013-04-23,2013-04-23,,Billy Bathgate,https://www.imdb.com/title/tt0101453/,movie
3877,tt0102460,2013-04-23,2013-04-23,,Mobsters,https://www.imdb.com/title/tt0102460/,movie
3878,tt0103978,2013-04-23,2013-04-23,,Class Act,https://www.imdb.com/title/tt0103978/,movie
3879,tt0104114,2013-04-23,2013-04-23,,The Distinguished Gentleman,https://www.imdb.com/title/tt0104114/,movie
3880,tt0104346,2013-04-23,2013-04-23,,Gladiator,https://www.imdb.com/title/tt0104346/,movie
3881,tt0104511,2013-04-23,2013-04-23,,Innocent Blood,https://www.imdb.com/title/tt0104511/,movie
3882,tt0105699,2013-04-23,2013-04-23,,Unlawful Entry,https://www.imdb.com/title/tt0105699/,movie
3883,tt0106223,2013-04-23,2013-04-23,,The Adventures of Huck Finn,https://www.imdb.com/title/tt0106223/,movie
3884,tt0106375,2013-04-23,2013-04-23,,Beethoven's 2nd,https://www.imdb.com/title/tt0106375/,movie
3885,tt0106941,2013-04-23,2013-04-23,,For Love or Money,https://www.imdb.com/title/tt0106941/,movie
3886,tt0107665,2013-04-23,2013-04-23,,Needful Things,https://www.imdb.com/title/tt0107665/,movie
3887,tt0109305,2013-04-23,2013-04-23,,Blue Chips,https://www.imdb.com/title/tt0109305/,movie
3888,tt0109493,2013-04-23,2013-04-23,,The Cowboy Way,https://www.imdb.com/title/tt0109493/,movie
3889,tt0109676,2013-04-23,2013-04-23,,Drop Zone,https://www.imdb.com/title/tt0109676/,movie
3890,tt0110612,2013-04-23,2013-04-23,,My Father the Hero,https://www.imdb.com/title/tt0110612/,movie
3891,tt0110857,2013-04-23,2013-04-23,,Police Academy: Mission to Moscow,https://www.imdb.com/title/tt0110857/,movie
3892,tt0111400,2013-04-23,2013-04-23,,Terminal Velocity,https://www.imdb.com/title/tt0111400/,movie
3893,tt0111732,2013-04-23,2013-04-23,,With Honors,https://www.imdb.com/title/tt0111732/,movie
3894,tt0110027,2013-04-23,2013-04-23,,Highlander III: The Sorcerer,https://www.imdb.com/title/tt0110027/,movie
3895,tt0104558,2013-04-23,2013-04-23,,Ging chaat goo si III: Chiu kup ging chaat,https://www.imdb.com/title/tt0104558/,movie
3896,tt0112688,2013-04-23,2013-04-23,,Clockers,https://www.imdb.com/title/tt0112688/,movie
3897,tt0113010,2013-04-23,2013-04-23,,Fair Game,https://www.imdb.com/title/tt0113010/,movie
3898,tt0113303,2013-04-23,2013-04-23,,Hideaway,https://www.imdb.com/title/tt0113303/,movie
3899,tt0113755,2013-04-23,2013-04-23,,Man of the House,https://www.imdb.com/title/tt0113755/,movie
3900,tt0111359,2013-04-23,2013-04-23,,Tall Tale,https://www.imdb.com/title/tt0111359/,movie
3901,tt0112302,2013-04-23,2013-04-23,,Tom and Huck,https://www.imdb.com/title/tt0112302/,movie
3902,tt0116514,2013-04-23,2013-04-23,,Hellraiser: Bloodline,https://www.imdb.com/title/tt0116514/,movie
3903,tt0116552,2013-04-23,2013-04-23,,Homeward Bound II: Lost in San Francisco,https://www.imdb.com/title/tt0116552/,movie
3904,tt0116571,2013-04-23,2013-04-23,,House Arrest,https://www.imdb.com/title/tt0116571/,movie
3905,tt0117473,2013-04-23,2013-04-23,,The Rich Man's Wife,https://www.imdb.com/title/tt0117473/,movie
3906,tt0117891,2013-04-23,2013-04-23,,A Thin Line Between Love and Hate,https://www.imdb.com/title/tt0117891/,movie
3907,tt0118055,2013-04-23,2013-04-23,,Up Close & Personal,https://www.imdb.com/title/tt0118055/,movie
3908,tt0116410,2013-04-23,2013-04-23,,Ghosts of Mississippi,https://www.imdb.com/title/tt0116410/,movie
3909,tt0119086,2013-04-23,2013-04-23,,Excess Baggage,https://www.imdb.com/title/tt0119086/,movie
3910,tt0119225,2013-04-23,2013-04-23,,Gridlock'd,https://www.imdb.com/title/tt0119225/,movie
3911,tt0119326,2013-04-23,2013-04-23,,How to Be a Player,https://www.imdb.com/title/tt0119326/,movie
3912,tt0116704,2013-04-23,2013-04-23,,Ging chaat goo si 4: Ji gaan daan yam mo,https://www.imdb.com/title/tt0116704/,movie
3913,tt0119509,2013-04-23,2013-04-23,,Leave It to Beaver,https://www.imdb.com/title/tt0119509/,movie
3914,tt0120483,2013-04-23,2013-04-23,,The Man Who Knew Too Little,https://www.imdb.com/title/tt0120483/,movie
3915,tt0120512,2013-04-23,2013-04-23,,Wild America,https://www.imdb.com/title/tt0120512/,movie
3916,tt0118798,2013-04-23,2013-04-23,,Bulworth,https://www.imdb.com/title/tt0118798/,movie
3917,tt0118744,2013-04-23,2013-04-23,,Hush,https://www.imdb.com/title/tt0118744/,movie
3918,tt0120741,2013-04-23,2013-04-23,,Jane Austen's Mafia!,https://www.imdb.com/title/tt0120741/,movie
3919,tt0117786,2013-04-23,2013-04-23,,Yat goh ho yan,https://www.imdb.com/title/tt0117786/,movie
3920,tt0119891,2013-04-23,2013-04-23,,Phantoms,https://www.imdb.com/title/tt0119891/,movie
3921,tt0131369,2013-04-23,2013-04-23,,Edtv,https://www.imdb.com/title/tt0131369/,movie
3922,tt0122541,2013-04-23,2013-04-23,,An Ideal Husband,https://www.imdb.com/title/tt0122541/,movie
3923,tt0196216,2013-04-23,2013-04-23,,Small Time Crooks,https://www.imdb.com/title/tt0196216/,movie
3924,tt0244000,2013-04-23,2013-04-23,,American Outlaws,https://www.imdb.com/title/tt0244000/,movie
3925,tt0250274,2013-04-23,2013-04-23,,The Brothers,https://www.imdb.com/title/tt0250274/,movie
3926,tt0256524,2013-04-23,2013-04-23,,The Curse of the Jade Scorpion,https://www.imdb.com/title/tt0256524/,movie
3927,tt0189192,2013-04-23,2013-04-23,,Just Visiting,https://www.imdb.com/title/tt0189192/,movie
3928,tt0246544,2013-04-23,2013-04-23,,The Musketeer,https://www.imdb.com/title/tt0246544/,movie
3929,tt0235679,2013-04-23,2013-04-23,,Gekijô-ban poketto monsutâ: Kesshô-tô no teiô,https://www.imdb.com/title/tt0235679/,movie
3930,tt0250720,2013-04-23,2013-04-23,,See Spot Run,https://www.imdb.com/title/tt0250720/,movie
3931,tt0269341,2013-04-23,2013-04-23,,Two Can Play That Game,https://www.imdb.com/title/tt0269341/,movie
3932,tt0161083,2013-04-23,2013-04-23,,What's the Worst That Could Happen?,https://www.imdb.com/title/tt0161083/,movie
3933,tt0269095,2013-04-23,2013-04-23,,City by the Sea,https://www.imdb.com/title/tt0269095/,movie
3934,tt0157472,2013-04-23,2013-04-23,,Clockstoppers,https://www.imdb.com/title/tt0157472/,movie
3935,tt0295254,2013-04-23,2013-04-23,,Feardotcom,https://www.imdb.com/title/tt0295254/,movie
3936,tt0279781,2013-04-23,2013-04-23,,Sorority Boys,https://www.imdb.com/title/tt0279781/,movie
3937,tt0339034,2013-04-23,2013-04-23,,From Justin to Kelly,https://www.imdb.com/title/tt0339034/,movie
3938,tt0325537,2013-04-23,2013-04-23,,Head of State,https://www.imdb.com/title/tt0325537/,movie
3939,tt0323642,2013-04-23,2013-04-23,,Piglet's Big Movie,https://www.imdb.com/title/tt0323642/,movie
3940,tt0380277,2013-04-23,2013-04-23,,The Cookout,https://www.imdb.com/title/tt0380277/,movie
3941,tt0490196,2013-04-23,2013-04-23,,Phat Girlz,https://www.imdb.com/title/tt0490196/,movie
3942,tt0762121,2013-04-23,2013-04-23,,The Nativity Story,https://www.imdb.com/title/tt0762121/,movie
3943,tt0462229,2013-04-23,2013-04-23,,Code Name: The Cleaner,https://www.imdb.com/title/tt0462229/,movie
3944,tt0800003,2013-04-23,2013-04-23,,Delta Farce,https://www.imdb.com/title/tt0800003/,movie
3945,tt0462338,2013-04-23,2013-04-23,,The Hoax,https://www.imdb.com/title/tt0462338/,movie
3946,tt0486578,2013-04-23,2013-04-23,,First Sunday,https://www.imdb.com/title/tt0486578/,movie
3947,tt0361500,2013-04-23,2013-04-23,,Delgo,https://www.imdb.com/title/tt0361500/,movie
3948,tt1045655,2013-04-23,2013-04-23,,The Haunting of Molly Hartley,https://www.imdb.com/title/tt1045655/,movie
3949,tt1715320,2013-04-23,2013-04-23,,Bending the Rules,https://www.imdb.com/title/tt1715320/,movie
3950,tt0472071,2013-04-23,2013-04-23,,Death Defying Acts,https://www.imdb.com/title/tt0472071/,movie
3951,tt0385057,2013-04-23,2013-04-23,,The Long Weekend,https://www.imdb.com/title/tt0385057/,movie
3952,tt0361693,2013-04-23,2013-04-23,,Happy Endings,https://www.imdb.com/title/tt0361693/,movie
3953,tt0484111,2013-04-23,2013-04-23,,The Good Night,https://www.imdb.com/title/tt0484111/,movie
3954,tt0349889,2013-04-23,2013-04-23,,Unstoppable,https://www.imdb.com/title/tt0349889/,movie
3955,tt0473356,2013-04-23,2013-04-23,,The Flock,https://www.imdb.com/title/tt0473356/,movie
3956,tt0420015,2013-04-23,2013-04-23,,Nine Lives,https://www.imdb.com/title/tt0420015/,movie
3957,tt0413015,2013-04-23,2013-04-23,,Mrs Henderson Presents,https://www.imdb.com/title/tt0413015/,movie
3958,tt0772168,2013-04-23,2013-04-23,,Grace Is Gone,https://www.imdb.com/title/tt0772168/,movie
3959,tt0259822,2013-04-23,2013-04-23,,0.45,https://www.imdb.com/title/tt0259822/,movie
3960,tt0342735,2013-04-23,2013-04-23,,Manderlay,https://www.imdb.com/title/tt0342735/,movie
3961,tt1049405,2013-04-23,2013-04-23,,The Other End of the Line,https://www.imdb.com/title/tt1049405/,movie
3962,tt0358294,2013-04-23,2013-04-23,,Into the Sun,https://www.imdb.com/title/tt0358294/,movie
3963,tt0428251,2013-04-23,2013-04-23,,Venom,https://www.imdb.com/title/tt0428251/,movie
3964,tt0482374,2013-04-23,2013-04-23,,Gone,https://www.imdb.com/title/tt0482374/,movie
3965,tt0494222,2013-04-23,2013-04-23,,Eagle vs Shark,https://www.imdb.com/title/tt0494222/,movie
3966,tt0962711,2013-04-23,2013-04-23,,The Objective,https://www.imdb.com/title/tt0962711/,movie
3967,tt0430674,2013-04-23,2013-04-23,,The Thief Lord,https://www.imdb.com/title/tt0430674/,movie
3968,tt0907848,2013-04-23,2013-04-23,,Dakota Skye,https://www.imdb.com/title/tt0907848/,movie
3969,tt0446687,2013-04-23,2013-04-23,,Driving Lessons,https://www.imdb.com/title/tt0446687/,movie
3970,tt0457308,2013-04-23,2013-04-23,,Come Early Morning,https://www.imdb.com/title/tt0457308/,movie
3971,tt0496328,2013-04-23,2013-04-23,,Itty Bitty Titty Committee,https://www.imdb.com/title/tt0496328/,movie
3972,tt0453548,2013-04-23,2013-04-23,,Snow Angels,https://www.imdb.com/title/tt0453548/,movie
3973,tt0435528,2013-04-23,2013-04-23,,Whisper,https://www.imdb.com/title/tt0435528/,movie
3974,tt1152397,2013-04-23,2013-04-23,,American Violet,https://www.imdb.com/title/tt1152397/,movie
3975,tt0783767,2013-04-23,2013-04-23,,Angel,https://www.imdb.com/title/tt0783767/,movie
3976,tt0360130,2013-04-23,2013-04-23,,Undertow,https://www.imdb.com/title/tt0360130/,movie
3977,tt0472582,2013-04-23,2013-04-23,,2:37,https://www.imdb.com/title/tt0472582/,movie
3978,tt0418586,2013-04-23,2013-04-23,,The Cake Eaters,https://www.imdb.com/title/tt0418586/,movie
3979,tt0314431,2013-04-23,2013-04-23,,Hope Springs,https://www.imdb.com/title/tt0314431/,movie
3980,tt0296166,2013-04-23,2013-04-23,,Real Women Have Curves,https://www.imdb.com/title/tt0296166/,movie
3981,tt0298408,2013-04-23,2013-04-23,,Laurel Canyon,https://www.imdb.com/title/tt0298408/,movie
3982,tt0210065,2013-04-23,2013-04-23,,Gangster No. 1,https://www.imdb.com/title/tt0210065/,movie
3983,tt0144715,2013-04-23,2013-04-23,,Holy Smoke,https://www.imdb.com/title/tt0144715/,movie
3984,tt0332658,2013-04-23,2013-04-23,,Intermission,https://www.imdb.com/title/tt0332658/,movie
3985,tt0216651,2013-04-23,2013-04-23,,Vampire Hunter D: Bloodlust,https://www.imdb.com/title/tt0216651/,movie
3986,tt0160611,2013-04-23,2013-04-23,,Ordinary Decent Criminal,https://www.imdb.com/title/tt0160611/,movie
3987,tt0356614,2013-04-23,2013-04-23,,Foolproof,https://www.imdb.com/title/tt0356614/,movie
3988,tt0205873,2013-04-23,2013-04-23,,The Dish,https://www.imdb.com/title/tt0205873/,movie
3989,tt0227005,2013-04-23,2013-04-23,,Made,https://www.imdb.com/title/tt0227005/,movie
3990,tt0243609,2013-04-23,2013-04-23,,To End All Wars,https://www.imdb.com/title/tt0243609/,movie
3991,tt0286947,2013-04-23,2013-04-23,,Scorched,https://www.imdb.com/title/tt0286947/,movie
3992,tt0114279,2013-04-23,2013-04-23,,Richard III,https://www.imdb.com/title/tt0114279/,movie
3993,tt0116953,2013-04-23,2013-04-23,,Mad Dog Time,https://www.imdb.com/title/tt0116953/,movie
3994,tt0119832,2013-04-23,2013-04-23,,One Night Stand,https://www.imdb.com/title/tt0119832/,movie
3995,tt0129023,2013-04-23,2013-04-23,,Dark Harbor,https://www.imdb.com/title/tt0129023/,movie
3996,tt0101627,2013-04-23,2013-04-23,,Critters 3,https://www.imdb.com/title/tt0101627/,movie
3997,tt0110265,2013-04-23,2013-04-23,,Killing Zoe,https://www.imdb.com/title/tt0110265/,movie
3998,tt0106452,2013-04-23,2013-04-23,,Body Snatchers,https://www.imdb.com/title/tt0106452/,movie
3999,tt0099731,2013-04-23,2013-04-23,,The Handmaid's Tale,https://www.imdb.com/title/tt0099731/,movie
4000,tt0101615,2013-04-23,2013-04-23,,Cool as Ice,https://www.imdb.com/title/tt0101615/,movie
2001,tt1486193,2013-04-23,2013-04-23,,5 Days of War,https://www.imdb.com/title/tt1486193/,movie